annotation_id,query_row,query_id,image_id,query_image_path,submitted_caption,falsified,source_dataset,candidate_evidence_id,candidate_image_path,candidate_caption,candidate_title,candidate_source,candidate_timestamp,retrieved_by_image_image,image_image_rank,image_image_similarity,retrieved_by_image_text,image_text_rank,image_text_similarity,is_provenance_anchor,is_exact_query_image,is_known_exact_duplicate,is_query_linked_duplicate,known_duplicate_group,event_label,annotation_confidence,annotation_note,review_status,web_checked,web_evidence_note,confidence_score,needs_review,deep_reviewed
A0001,199,Q0200,306274,visual_news/origin/usa_today/images/0374/583.jpg,European golfer Rory McIlroy who arrived late on day three of the Ryder Cup eats a breakfast bar while walking down the first fairway,True,3,298802,visual_news/origin/usa_today/images/0133/292.jpg,Sergio Garcia of Spain celebrates after making a birdie putt on the third green during the final round of the British Open Championship,Tiger Woods finishes British Open with work to do,usa_today,2014-07-20T13:13:17Z,True,1,0.7960001230239868,False,,,False,False,False,False,,RELATED_DIFFERENT_EVENT,MEDIUM,"2014 Open, second versus final round; review granularity",REVIEW,True,The Open confirms Garcia final-day charge at 2014 Royal Liverpool; query is second round. https://www.theopen.com/previous-opens/143rd-open-royal-liverpool-2014,82,True,True
A0002,199,Q0200,306274,visual_news/origin/usa_today/images/0374/583.jpg,European golfer Rory McIlroy who arrived late on day three of the Ryder Cup eats a breakfast bar while walking down the first fairway,True,3,333684,visual_news/origin/usa_today/images/0707/125.jpg,Martin Kaymer tees off on the 7th hole Kaymer shot a 2under 68 and is at 4 under,"Tiger finishes with an even-par 70, 10 shots back",usa_today,2013-08-09T17:56:10Z,True,2,0.7918218374252319,False,,,False,False,False,False,,IRRELEVANT,HIGH,different golfers and tournaments; golf topic only,LABELED,False,,97,False,True
A0003,199,Q0200,306274,visual_news/origin/usa_today/images/0374/583.jpg,European golfer Rory McIlroy who arrived late on day three of the Ryder Cup eats a breakfast bar while walking down the first fairway,True,3,499777,visual_news/origin/guardian/images/0201/773.jpg,Bernhard Langer and Martin Kaymer of Germany practise their putting strokes on the 2nd green at Sawgrass,"Jordan Spieth is one of ‘a bunch’ who could be No1, says Bernhard Langer",guardian,2015-05-06T19:29:30Z,True,3,0.7857739925384521,False,,,False,False,False,False,,IRRELEVANT,HIGH,different golfers at practice; golf topic only,LABELED,False,,95,False,True
A0004,199,Q0200,306274,visual_news/origin/usa_today/images/0374/583.jpg,European golfer Rory McIlroy who arrived late on day three of the Ryder Cup eats a breakfast bar while walking down the first fairway,True,3,334502,visual_news/origin/usa_today/images/0260/439.jpg,Dustin Johnson tees off on the 4th hole during the first round of the British Open,"Jordan Spieth, Dustin Johnson in contention early at British Open",usa_today,2015-07-16T15:21:48Z,True,4,0.7837299108505249,False,,,False,False,False,False,,RELATED_DIFFERENT_EVENT,HIGH,"Open Championship, different year",LABELED,False,,96,False,True
A0005,199,Q0200,306274,visual_news/origin/usa_today/images/0374/583.jpg,European golfer Rory McIlroy who arrived late on day three of the Ryder Cup eats a breakfast bar while walking down the first fairway,True,3,251469,visual_news/origin/usa_today/images/0591/583.jpg,Bubba Watson reacts after hitting his tee shot on the 9th hole during the second round of the 2015 PGA Championship golf tournament at Whistling Straits,5 things you need to know this weekend,usa_today,2015-08-15T09:12:52Z,True,5,0.7778129577636719,False,,,False,False,False,False,,IRRELEVANT,HIGH,different golfer and championship; golf topic only,LABELED,False,,98,False,True
A0006,199,Q0200,306274,visual_news/origin/usa_today/images/0374/583.jpg,European golfer Rory McIlroy who arrived late on day three of the Ryder Cup eats a breakfast bar while walking down the first fairway,True,3,360923,visual_news/origin/usa_today/images/0719/882.jpg,Gerry McIlroy and Caroline Wozniacki watch as Rory McIlroy plays,"Despite penalty, 14-year-old makes cut at Masters",usa_today,2013-04-12T18:28:25Z,False,,,True,1,0.28630948066711426,False,False,False,False,,RELATED_DIFFERENT_EVENT,HIGH,"McIlroy context, 2013 Masters versus 2014 Open",LABELED,False,,94,False,True
A0007,199,Q0200,306274,visual_news/origin/usa_today/images/0374/583.jpg,European golfer Rory McIlroy who arrived late on day three of the Ryder Cup eats a breakfast bar while walking down the first fairway,True,3,596389,visual_news/origin/guardian/images/0319/834.jpg,Rory McIlroy looks dejected during his second and final round at The Open at Muirfield,Rory McIlroy hopes to 'play my way' out of crisis after missing Open cut,guardian,2013-07-19T21:18:00Z,False,,,True,2,0.2853972017765045,False,False,False,False,,RELATED_DIFFERENT_EVENT,HIGH,"same golfer, 2013 versus 2014 Open",LABELED,False,,98,False,True
A0008,199,Q0200,306274,visual_news/origin/usa_today/images/0374/583.jpg,European golfer Rory McIlroy who arrived late on day three of the Ryder Cup eats a breakfast bar while walking down the first fairway,True,3,303058,visual_news/origin/usa_today/images/0537/313.jpg,European golfer Rory McIlroy who arrived late on day three of the Ryder Cup eats a breakfast bar while walking down the first fairway,McIlroy arrives late to Medinah,usa_today,2012-09-30T16:26:11Z,False,,,True,3,0.2781187891960144,False,False,False,False,,RELATED_DIFFERENT_EVENT,HIGH,"same golfer, Ryder Cup versus Open",LABELED,False,,98,False,True
A0009,199,Q0200,306274,visual_news/origin/usa_today/images/0374/583.jpg,European golfer Rory McIlroy who arrived late on day three of the Ryder Cup eats a breakfast bar while walking down the first fairway,True,3,306274,visual_news/origin/usa_today/images/0374/583.jpg,Rory McIlroy of Northern Ireland waits on the first tee during the second round of The 143rd Open Championship,"Rory McIlroy, Tiger Woods both tackling the mental game",usa_today,2014-07-18T19:51:53Z,False,,,True,4,0.2722214460372925,True,True,False,False,,SAME_EVENT,HIGH,"exact query image; trivial identity, not independent corroboration",LABELED,False,,100,False,True
A0010,199,Q0200,306274,visual_news/origin/usa_today/images/0374/583.jpg,European golfer Rory McIlroy who arrived late on day three of the Ryder Cup eats a breakfast bar while walking down the first fairway,True,3,553927,visual_news/origin/guardian/images/0252/952.jpg,The caddie JP Fitzgerald gives Rory McIlroy shelter during Masters practice but One Direction s Niall Horan will step in for the parthree tournament,Rory McIlroy leans on Niall Horan for par threes but his one direction is up,guardian,2015-04-07T20:57:59Z,False,,,True,5,0.26899442076683044,False,False,False,False,,RELATED_DIFFERENT_EVENT,HIGH,"same golfer, Masters practice versus Open",LABELED,False,,98,False,True
A0011,118,Q0119,703675,visual_news/origin/guardian/images/0515/637.jpg,Actors including Giulia Salerno director Asia Argento and Andrea Pittorino at the photocall for Misunderstood,True,0,502300,visual_news/origin/guardian/images/0202/400.jpg,Not long to wait now Mad Men fans season three begins on BBC4 on 27 January by which time Christina Hendricks and her fellow cast members should have stopped celebrating,Golden Globes 2010: the winners,guardian,2010-01-18T10:52:01Z,True,1,0.6727854013442993,False,,,False,False,False,False,,IRRELEVANT,HIGH,"Golden Globes cast, unrelated to Alfredson premiere",LABELED,False,,98,False,True
A0012,118,Q0119,703675,visual_news/origin/guardian/images/0515/637.jpg,Actors including Giulia Salerno director Asia Argento and Andrea Pittorino at the photocall for Misunderstood,True,0,158581,visual_news/origin/washington_post/images/0216/480.jpg,Catherine Duchess of Cambridge wears a Jenny Packham gown at the St Andrews 600th Anniversary Dinner at the Metropolitan Museum of Art,How to design an Oscar gown that even a star might pay retail for,washington_post,2016-02-25T13:00:50Z,True,2,0.663030743598938,False,,,False,False,False,False,,IRRELEVANT,HIGH,"royal dinner, unrelated to film premiere",LABELED,False,,99,False,True
A0013,118,Q0119,703675,visual_news/origin/guardian/images/0515/637.jpg,Actors including Giulia Salerno director Asia Argento and Andrea Pittorino at the photocall for Misunderstood,True,0,298175,visual_news/origin/usa_today/images/0029/240.jpg,Palin returned to SNL for its 40th Anniversary broadcast in February 2015 popping up in the audience,Sarah Palin to be a new 'Judge Judy' in courtroom-based reality show,usa_today,2016-03-22T19:07:35Z,True,3,0.6603320240974426,False,,,False,False,False,False,,IRRELEVANT,HIGH,"SNL anniversary, unrelated occurrence",LABELED,False,,99,False,True
A0014,118,Q0119,703675,visual_news/origin/guardian/images/0515/637.jpg,Actors including Giulia Salerno director Asia Argento and Andrea Pittorino at the photocall for Misunderstood,True,0,530585,visual_news/origin/guardian/images/0240/744.jpg,Joker in the Wolfpack Zach Galifianakis set to play the villain in Lego Batman,Zach Galifianakis to play the Joker in Lego Batman movie,guardian,2015-08-13T08:48:04Z,True,4,0.655761182308197,False,,,False,False,False,False,,IRRELEVANT,HIGH,different actor and film; red-carpet resemblance only,LABELED,False,,98,False,True
A0015,118,Q0119,703675,visual_news/origin/guardian/images/0515/637.jpg,Actors including Giulia Salerno director Asia Argento and Andrea Pittorino at the photocall for Misunderstood,True,0,1522839,visual_news/origin/bbc/images/0189/821.jpg,Angelina Jolie Brad Pitt and Lupita Nyong o win praise for their Bafta red carpet appearances,"Baftas, NHS fears and Scotland's future in the papers",bbc,2014-02-17T05:56:52Z,True,5,0.6511189937591553,False,,,False,False,False,False,,IRRELEVANT,HIGH,"BAFTA attendees, no link to Alfredson screening",LABELED,False,,98,False,True
A0016,118,Q0119,703675,visual_news/origin/guardian/images/0515/637.jpg,Actors including Giulia Salerno director Asia Argento and Andrea Pittorino at the photocall for Misunderstood,True,0,1465640,visual_news/origin/bbc/images/0123/398.jpg,Hoffman won best actor at the Venice Film Festival in 2012 for his role in The Master,Obituary: Philip Seymour Hoffman,bbc,2014-02-03T12:01:41Z,False,,,True,1,0.3284764885902405,False,False,False,False,,RELATED_DIFFERENT_EVENT,HIGH,"Venice festival, 2012 award versus 2011 premiere",LABELED,False,,94,False,True
A0017,118,Q0119,703675,visual_news/origin/guardian/images/0515/637.jpg,Actors including Giulia Salerno director Asia Argento and Andrea Pittorino at the photocall for Misunderstood,True,0,162793,visual_news/origin/washington_post/images/0048/795.jpg,A scene from The Homesman premiere Miranda Otto left Sonja Richter an unidentified guest Tommy Lee Jones Hilary Swank and another guest pose for photographs in Cannes,Iranian actress apologizes for kiss but blames the man who kissed her,washington_post,2014-05-24T17:19:00Z,False,,,True,2,0.30453574657440186,False,False,False,False,,IRRELEVANT,HIGH,"different film premiere, Cannes versus Venice",LABELED,False,,98,False,True
A0018,118,Q0119,703675,visual_news/origin/guardian/images/0515/637.jpg,Actors including Giulia Salerno director Asia Argento and Andrea Pittorino at the photocall for Misunderstood,True,0,1236689,visual_news/origin/guardian/images/0046/807.jpg,Actors including Giulia Salerno director Asia Argento and Andrea Pittorino at the photocall for Misunderstood,"Cannes 2014: Ken Loach, Mommy and Misunderstood hit the film festival",guardian,2014-05-23T05:31:51Z,False,,,True,3,0.3042735755443573,False,False,False,False,,IRRELEVANT,HIGH,"different film photocall, Cannes versus Venice",LABELED,False,,98,False,True
A0019,118,Q0119,703675,visual_news/origin/guardian/images/0515/637.jpg,Actors including Giulia Salerno director Asia Argento and Andrea Pittorino at the photocall for Misunderstood,True,0,703675,visual_news/origin/guardian/images/0515/637.jpg,Director Tomas Alfredson arrives for the screening of his film Tinker Tailor Soldier Spy,"Tinker, Tailor, Soldier, Spy premiere at the Venice film festival",guardian,2011-09-06T00:28:39Z,False,,,True,4,0.2992224097251892,True,True,False,False,,SAME_EVENT,HIGH,"exact query image; trivial identity, not independent corroboration",LABELED,False,,100,False,True
A0020,118,Q0119,703675,visual_news/origin/guardian/images/0515/637.jpg,Actors including Giulia Salerno director Asia Argento and Andrea Pittorino at the photocall for Misunderstood,True,0,366510,visual_news/origin/usa_today/images/0271/468.jpg,Jack ODonnell right accepts the New Hollywood award at the Hollywood Film Awards,Johnny Depp highlights odd start to Oscar race,usa_today,2014-11-15T09:56:29Z,False,,,True,5,0.2818266451358795,False,False,False,False,,IRRELEVANT,HIGH,"Hollywood award, unrelated to Alfredson premiere",LABELED,False,,98,False,True
A0021,162,Q0163,231271,visual_news/origin/usa_today/images/0066/172.jpg,A diver approaches an almost intact pitcher near Antikythera Island in Greece,True,2,144946,visual_news/origin/washington_post/images/0185/972.jpg,A diver approaches an almost intact pitcher near Antikythera Island in Greece,Scientists uncover more secrets from Antikythera’s ‘Titanic of the ancient world’,washington_post,2014-10-10T08:23:02Z,True,1,0.8406034111976624,False,,,False,False,False,False,,RELATED_DIFFERENT_EVENT,HIGH,"shipwreck exploration, Greece versus Lake Michigan",LABELED,False,,92,False,True
A0022,162,Q0163,231271,visual_news/origin/usa_today/images/0066/172.jpg,A diver approaches an almost intact pitcher near Antikythera Island in Greece,True,2,435703,visual_news/origin/usa_today/images/0030/466.jpg,A thrust chamber of an Apollo F1 engine on the bottom of the Atlantic Ocean off Florida,Apollo moon rocket engines raised from Atlantic,usa_today,2013-03-20T23:26:44Z,True,2,0.7713683843612671,False,,,False,False,False,False,,IRRELEVANT,HIGH,"rocket recovery, underwater setting only",LABELED,False,,96,False,True
A0023,162,Q0163,231271,visual_news/origin/usa_today/images/0066/172.jpg,A diver approaches an almost intact pitcher near Antikythera Island in Greece,True,2,1449939,visual_news/origin/bbc/images/0119/049.jpg,Sir Ranulph is heading to the coldest place on Earth at the coldest time of year,Sir Ranulph Fiennes to attempt record Antarctica trek,bbc,2012-09-17T04:54:30Z,True,3,0.714409589767456,False,,,False,False,False,False,,IRRELEVANT,HIGH,"Antarctic expedition, unrelated to shipwreck dive",LABELED,False,,98,False,True
A0024,162,Q0163,231271,visual_news/origin/usa_today/images/0066/172.jpg,A diver approaches an almost intact pitcher near Antikythera Island in Greece,True,2,1624027,visual_news/origin/bbc/images/0318/816.jpg,Rosia Montana is home to 2000yearold Roman mining galleries,Rosia Montana and Romania's decade-long 'gold war',bbc,2012-09-03T00:10:53Z,True,4,0.7130762934684753,False,,,False,False,False,False,,IRRELEVANT,HIGH,"Roman mine, unrelated excavation site",LABELED,False,,98,False,True
A0025,162,Q0163,231271,visual_news/origin/usa_today/images/0066/172.jpg,A diver approaches an almost intact pitcher near Antikythera Island in Greece,True,2,76079,visual_news/origin/washington_post/images/0147/551.jpg,Alonso McAllister and Uhl watch as the damaged upper portions of the southeast grand pinnacle are lifted away by a crane,"‘Great ShakeOut’ earthquake drill to be held in D.C., Maryland, Virginia",washington_post,2012-10-18T10:49:51Z,True,5,0.705720067024231,False,,,False,False,False,False,,IRRELEVANT,HIGH,"cathedral repair, unrelated occurrence",LABELED,False,,99,False,True
A0026,162,Q0163,231271,visual_news/origin/usa_today/images/0066/172.jpg,A diver approaches an almost intact pitcher near Antikythera Island in Greece,True,2,231271,visual_news/origin/usa_today/images/0066/172.jpg,In this June 16 2013 photo provided by Great Lakes Exploration Group divers inspect a hole being dug beside a wooden beam jutting from the floor of Lake Michigan,"Long-lost shipwreck found in Lake Michigan, explorer says",usa_today,2014-06-24T16:39:36Z,False,,,True,1,0.3070451617240906,True,True,False,False,,SAME_EVENT,HIGH,"exact query image; June 2013 dive, later article date",LABELED,False,,100,False,True
A0027,162,Q0163,231271,visual_news/origin/usa_today/images/0066/172.jpg,A diver approaches an almost intact pitcher near Antikythera Island in Greece,True,2,198191,visual_news/origin/washington_post/images/0400/581.jpg,Telltale boulder and sand deposits record impact of giant wave Landslide on nearby Fogo island triggered a giant tsunami that inundated Santiago,Scientists say an ancient megatsunami hurled boulders nearly as high as the Eiffel Tower,washington_post,2015-10-02T18:05:02Z,False,,,True,2,0.2731277346611023,False,False,False,False,,IRRELEVANT,HIGH,"ancient tsunami diagram, unrelated to dive",LABELED,False,,98,False,True
A0028,162,Q0163,231271,visual_news/origin/usa_today/images/0066/172.jpg,A diver approaches an almost intact pitcher near Antikythera Island in Greece,True,2,225554,visual_news/origin/usa_today/images/0187/691.jpg,People look at what scientists believe to be a chunk of the Chelyabinsk meteor recovered from Chebarkul Lake near Chelyabinsk,Near-miss meteors more common than scientists thought?,usa_today,2013-11-06T18:08:55Z,False,,,True,3,0.2612551152706146,False,False,False,False,,IRRELEVANT,HIGH,"meteor recovery, unrelated object and incident",LABELED,False,,96,False,True
A0029,162,Q0163,231271,visual_news/origin/usa_today/images/0066/172.jpg,A diver approaches an almost intact pitcher near Antikythera Island in Greece,True,2,1576396,visual_news/origin/bbc/images/0389/143.jpg,A wetsuit with Shadi Omar Kataf s remains was found on exposed coastline at Lista in the south of Norway in January,Desperate migrants try to swim to Britain from France,bbc,2015-07-20T00:48:03Z,False,,,True,4,0.25895681977272034,False,False,False,False,,IRRELEVANT,HIGH,"migrant remains, wetsuit resemblance only",LABELED,False,,99,False,True
A0030,162,Q0163,231271,visual_news/origin/usa_today/images/0066/172.jpg,A diver approaches an almost intact pitcher near Antikythera Island in Greece,True,2,136939,visual_news/origin/washington_post/images/0433/753.jpg,Chase Childs left and Sarah Parcak right excavating the site at Point Rosee,An ancient site spotted from space could rewrite the history of Vikings in North America,washington_post,2016-04-01T08:59:47Z,False,,,True,5,0.25731927156448364,False,False,False,False,,IRRELEVANT,HIGH,"Viking site excavation, no event-level connection",LABELED,False,,96,False,True
A0031,85,Q0086,101403,visual_news/origin/washington_post/images/0479/097.jpg,Relay teammates react as Michael Phelps holds his hand in the air after winning gold in the men s 4 x 200m freestyle relay,False,3,186648,visual_news/origin/washington_post/images/0517/511.jpg,Maya DiRado of the United States celebrates after winning a gold medal in the 200meter backstroke,I’m black and I can’t swim. Simone Manuel showed America why it must change.,washington_post,2016-08-12T16:06:57Z,True,1,0.8095430731773376,False,,,False,False,False,False,,RELATED_DIFFERENT_EVENT,HIGH,"Rio swimming, different race and athlete",LABELED,False,,92,False,True
A0032,85,Q0086,101403,visual_news/origin/washington_post/images/0479/097.jpg,Relay teammates react as Michael Phelps holds his hand in the air after winning gold in the men s 4 x 200m freestyle relay,False,3,207724,visual_news/origin/usa_today/images/0024/736.jpg,Michael Phelps in the men s 200m butterfly semifinals during the Rio 2016 Summer Olympic Games at Olympic Aquatics Stadium,"Michael Phelps wins gold in 200 fly, adds to record medal tally",usa_today,2016-08-10T01:34:46Z,True,2,0.8032926321029663,True,5,0.28257280588150024,False,False,False,False,,RELATED_DIFFERENT_EVENT,HIGH,"same swimmer, butterfly semifinal versus freestyle relay",LABELED,False,,97,False,True
A0033,85,Q0086,101403,visual_news/origin/washington_post/images/0479/097.jpg,Relay teammates react as Michael Phelps holds his hand in the air after winning gold in the men s 4 x 200m freestyle relay,False,3,1663602,visual_news/origin/bbc/images/0497/539.jpg,Michael Jamieson says he sees the 2014 Commonwealth Games as something of a homecoming,Olympic medallist Michael Jamieson in Glasgow on 'inspirational' tour,bbc,2012-08-22T00:54:10Z,True,3,0.778877854347229,False,,,False,False,False,False,,IRRELEVANT,HIGH,"different swimmer, generic pool portrait",LABELED,False,,97,False,True
A0034,85,Q0086,101403,visual_news/origin/washington_post/images/0479/097.jpg,Relay teammates react as Michael Phelps holds his hand in the air after winning gold in the men s 4 x 200m freestyle relay,False,3,288920,visual_news/origin/usa_today/images/0320/016.jpg,Ryan Murphy during the men s 200m backstroke heats in the Rio 2016 Summer Olympic Games,American Ryan Murphy wins gold in men's 200 backstroke,usa_today,2016-08-12T01:29:03Z,True,4,0.7639704942703247,False,,,False,False,False,False,,RELATED_DIFFERENT_EVENT,HIGH,"Rio swimming, backstroke versus freestyle relay",LABELED,False,,94,False,True
A0035,85,Q0086,101403,visual_news/origin/washington_post/images/0479/097.jpg,Relay teammates react as Michael Phelps holds his hand in the air after winning gold in the men s 4 x 200m freestyle relay,False,3,497498,visual_news/origin/guardian/images/0219/918.jpg,Robbie Grabarz who competes in the Diamond League in Doha on Friday says he found fame hard to deal with after the Olympics,Robbie Grabarz determined to enjoy himself at Diamond League opener,guardian,2013-05-09T21:00:05Z,True,5,0.7380140423774719,False,,,False,False,False,False,,IRRELEVANT,HIGH,"high jump, unrelated sporting occurrence",LABELED,False,,99,False,True
A0036,85,Q0086,101403,visual_news/origin/washington_post/images/0479/097.jpg,Relay teammates react as Michael Phelps holds his hand in the air after winning gold in the men s 4 x 200m freestyle relay,False,3,101403,visual_news/origin/washington_post/images/0479/097.jpg,Relay teammates react as Michael Phelps holds his hand in the air after winning gold in the men s 4 x 200m freestyle relay,Michael Phelps extends his legacy with two more gold medals at Rio Olympics,washington_post,2016-08-09T19:48:00Z,False,,,True,1,0.35867536067962646,True,True,False,False,,SAME_EVENT,HIGH,exact query image; trivial relay identity,LABELED,False,,100,False,True
A0037,85,Q0086,101403,visual_news/origin/washington_post/images/0479/097.jpg,Relay teammates react as Michael Phelps holds his hand in the air after winning gold in the men s 4 x 200m freestyle relay,False,3,349261,visual_news/origin/usa_today/images/0638/263.jpg,Michael Phelps celebrates with his gold medal on the podium after the men s 200meter butterfly It was the 20th gold of Phelps career,"Bored in retirement, Michael Phelps happy to be back at U.S. nationals",usa_today,2014-08-04T16:46:08Z,False,,,True,2,0.31544241309165955,False,False,False,False,,RELATED_DIFFERENT_EVENT,HIGH,"same swimmer, butterfly medal versus relay; date metadata conflicts",REVIEW,True,World Aquatics lists distinct 200 butterfly and 4x200 golds on 9 August 2016; image says Rio 2016 despite 2014 article timestamp. https://www.worldaquatics.com/athletes/1001621/-/medals,97,True,True
A0038,85,Q0086,101403,visual_news/origin/washington_post/images/0479/097.jpg,Relay teammates react as Michael Phelps holds his hand in the air after winning gold in the men s 4 x 200m freestyle relay,False,3,365222,visual_news/origin/usa_today/images/0629/196.jpg,Jonathan Yeap Chin Tiong of Singapore shot a synchronized swim team,The Short List: Best car rankings; O'Reilly under fire; court storming,usa_today,2015-02-24T23:00:38Z,False,,,True,3,0.30808866024017334,False,False,False,False,,IRRELEVANT,HIGH,"synchronized swimming art, different activity",LABELED,False,,97,False,True
A0039,85,Q0086,101403,visual_news/origin/washington_post/images/0479/097.jpg,Relay teammates react as Michael Phelps holds his hand in the air after winning gold in the men s 4 x 200m freestyle relay,False,3,364449,visual_news/origin/usa_today/images/0324/609.jpg,Ryan Lochte reacts after winning the 200m individual medley in 15650 in the 2014 USA National Championships at William Woollett Jr Aquatics Complex,Ryan Lochte beats Michael Phelps in 200 IM at nationals,usa_today,2014-08-11T04:22:45Z,False,,,True,4,0.297745943069458,False,False,False,False,,RELATED_DIFFERENT_EVENT,HIGH,"relay teammate Lochte, 2014 nationals versus Rio relay",LABELED,False,,96,False,True
A0040,168,Q0169,104984,visual_news/origin/washington_post/images/0359/001.jpg,The three black rhino are settling into their new home at Mkomazi National Park in northern Tanzania,True,2,165400,visual_news/origin/washington_post/images/0513/963.jpg,A Nepali woman points at the temporary shelter her family built in an earthquakestricken village in the Kavre district of Nepal,Search for missing Marine helicopter expands in Nepal’s quake-hit region,washington_post,2015-05-13T14:39:31Z,True,1,0.648790180683136,False,,,False,False,False,False,,IRRELEVANT,HIGH,"Nepal earthquake, unrelated to Rwanda drone launch",LABELED,False,,99,False,True
A0041,168,Q0169,104984,visual_news/origin/washington_post/images/0359/001.jpg,The three black rhino are settling into their new home at Mkomazi National Park in northern Tanzania,True,2,155252,visual_news/origin/washington_post/images/0303/244.jpg,Haitian death toll from Hurricane Matthew rises,"‘There is nothing left to live on’: Haiti’s hurricane survivors cope with loss, despair",washington_post,2016-10-07T08:25:41Z,True,2,0.645706295967102,False,,,False,False,False,False,,IRRELEVANT,HIGH,"Haiti hurricane, unrelated to drone launch",LABELED,False,,99,False,True
A0042,168,Q0169,104984,visual_news/origin/washington_post/images/0359/001.jpg,The three black rhino are settling into their new home at Mkomazi National Park in northern Tanzania,True,2,87796,visual_news/origin/washington_post/images/0444/261.jpg,A worker walks at a salt field at Palibelo village on the outskirts of Bima on Indonesia s Sumbawa island,"Colombian evangelical Christians convert to Judaism, embracing hidden past",washington_post,2012-11-24T11:53:00Z,True,3,0.6413626074790955,False,,,False,False,False,False,,IRRELEVANT,HIGH,"Indonesia salt work, landscape resemblance only",LABELED,False,,99,False,True
A0043,168,Q0169,104984,visual_news/origin/washington_post/images/0359/001.jpg,The three black rhino are settling into their new home at Mkomazi National Park in northern Tanzania,True,2,862129,visual_news/origin/guardian/images/0468/043.jpg,Nal Sarovar near Ahemadabad in Gujarat India Life and environment by Dimple Pancholi shortlisted in the adult category,Society of Biology photography award shortlist,guardian,2014-09-26T05:00:03Z,True,4,0.6398811936378479,False,,,False,False,False,False,,IRRELEVANT,HIGH,"Gujarat daily life, unrelated occurrence",LABELED,False,,98,False,True
A0044,168,Q0169,104984,visual_news/origin/washington_post/images/0359/001.jpg,The three black rhino are settling into their new home at Mkomazi National Park in northern Tanzania,True,2,1472639,visual_news/origin/bbc/images/0091/821.jpg,The three black rhino are settling into their new home at Mkomazi National Park in northern Tanzania,Prince William hits out at rhino poachers,bbc,2012-06-19T09:00:47Z,True,5,0.6372313499450684,True,2,0.2847414016723633,False,False,False,False,,IRRELEVANT,HIGH,"Tanzania rhinos, unrelated to Rwanda drone launch",LABELED,False,,99,False,True
A0045,168,Q0169,104984,visual_news/origin/washington_post/images/0359/001.jpg,The three black rhino are settling into their new home at Mkomazi National Park in northern Tanzania,True,2,104984,visual_news/origin/washington_post/images/0359/001.jpg,A drone from Californiabased Zipline that delivers medical supplies to rural areas is prepared for launch in Rwanda,"In Rwanda, lifesaving blood now drops from drones",washington_post,2016-10-13T22:00:49Z,False,,,True,1,0.342413067817688,True,True,False,False,,SAME_EVENT,HIGH,"exact query image; trivial identity, not independent corroboration",LABELED,False,,100,False,True
A0046,168,Q0169,104984,visual_news/origin/washington_post/images/0359/001.jpg,The three black rhino are settling into their new home at Mkomazi National Park in northern Tanzania,True,2,989798,visual_news/origin/guardian/images/0606/519.jpg,Fish are dried on racks on the shores of Lake Malawi The sudden prevalence of dead fish in the lakeside district of Karonga has raised concern among local people,"On the shores of Malawi’s lake of stars, activists raise uranium fears",guardian,2015-06-03T06:00:02Z,False,,,True,3,0.28403240442276,False,False,False,False,,IRRELEVANT,HIGH,"Malawi fish drying, unrelated occurrence",LABELED,False,,99,False,True
A0047,168,Q0169,104984,visual_news/origin/washington_post/images/0359/001.jpg,The three black rhino are settling into their new home at Mkomazi National Park in northern Tanzania,True,2,84975,visual_news/origin/washington_post/images/0528/866.jpg,Haitians in Dajabon Dominican Republic are heading with their belongings to Haiti Many are fleeing a potential government crackdown on undocumented migrants,A Haitian border town struggles with new rules in the Dominican Republic,washington_post,2015-06-23T21:46:00Z,False,,,True,4,0.2792305052280426,False,False,False,False,,IRRELEVANT,HIGH,"Haitian migration, unrelated occurrence",LABELED,False,,99,False,True
A0048,168,Q0169,104984,visual_news/origin/washington_post/images/0359/001.jpg,The three black rhino are settling into their new home at Mkomazi National Park in northern Tanzania,True,2,1649000,visual_news/origin/bbc/images/0426/612.jpg,IP workshops have already taken place in many Maasai communities,Brand Maasai: Why nomads might trademark their name,bbc,2013-05-28T00:24:03Z,False,,,True,5,0.2736058831214905,False,False,False,False,,IRRELEVANT,HIGH,"Maasai trademark workshop, unrelated occurrence",LABELED,False,,98,False,True
A0049,80,Q0081,1228637,visual_news/origin/guardian/images/0027/154.jpg,Maidana stalks Khan around the ring he must sense that he s behind on the judges scorecards,False,3,755402,visual_news/origin/guardian/images/0572/379.jpg,Manny Pacquiao right lost his last fight against Juan Manuel Marquez and will return to the ring against Brandon Rios,Manny Pacquiao announces comeback to fight Brandon Rios in November,guardian,2013-05-07T09:11:41Z,True,1,0.840666651725769,True,1,0.2968980073928833,False,False,False,False,,IRRELEVANT,HIGH,different boxers and bout; boxing topic only,LABELED,False,,97,False,True
A0050,80,Q0081,1228637,visual_news/origin/guardian/images/0027/154.jpg,Maidana stalks Khan around the ring he must sense that he s behind on the judges scorecards,False,3,805849,visual_news/origin/guardian/images/0422/646.jpg,Hopkins connects with a straight left against Antonio Tarver during their IBO light heavyweight championship fight in Atlantic City,Bernard Hopkins approaches 50: a life in the ring,guardian,2014-11-07T11:30:00Z,True,2,0.8346940279006958,False,,,False,False,False,False,,IRRELEVANT,HIGH,different boxers and title bout,LABELED,False,,98,False,True
A0051,80,Q0081,1228637,visual_news/origin/guardian/images/0027/154.jpg,Maidana stalks Khan around the ring he must sense that he s behind on the judges scorecards,False,3,559807,visual_news/origin/guardian/images/0266/903.jpg,British heavyweight Anthony Joshua right made an impressive professional debut against Italian Emanuele Leo,Anthony Joshua relishes professional debut by knocking out Emanuele Leo,guardian,2013-10-06T19:04:14Z,True,3,0.7857457399368286,False,,,False,False,False,False,,IRRELEVANT,HIGH,"different boxers, professional debut",LABELED,False,,98,False,True
A0052,80,Q0081,1228637,visual_news/origin/guardian/images/0027/154.jpg,Maidana stalks Khan around the ring he must sense that he s behind on the judges scorecards,False,3,226970,visual_news/origin/usa_today/images/0530/641.jpg,Mayweather and Pacquiao trade punches,10 most-read stories of 2015,usa_today,2015-12-15T19:00:34Z,True,4,0.774239718914032,False,,,False,False,False,False,,IRRELEVANT,HIGH,"Mayweather-Pacquiao, unrelated bout",LABELED,False,,97,False,True
A0053,80,Q0081,1228637,visual_news/origin/guardian/images/0027/154.jpg,Maidana stalks Khan around the ring he must sense that he s behind on the judges scorecards,False,3,575410,visual_news/origin/guardian/images/0295/749.jpg,Romney lands a punch on Holyfield,Romney 'stings like a butterfly' in fight with Evander Holyfield,guardian,2015-05-16T10:26:19Z,True,5,0.7733722925186157,True,4,0.27927520871162415,False,False,False,False,,IRRELEVANT,HIGH,"Romney-Holyfield exhibition, unrelated bout",LABELED,False,,98,False,True
A0054,80,Q0081,1228637,visual_news/origin/guardian/images/0027/154.jpg,Maidana stalks Khan around the ring he must sense that he s behind on the judges scorecards,False,3,1228637,visual_news/origin/guardian/images/0027/154.jpg,Maidana stalks Khan around the ring he must sense that he s behind on the judges scorecards,The best images of an epic bout between Amir Khan and Marcos Maidana,guardian,2010-12-12T16:24:00Z,False,,,True,2,0.2890123724937439,True,True,False,False,,SAME_EVENT,HIGH,exact query image; trivial Khan-Maidana identity,LABELED,False,,100,False,True
A0055,80,Q0081,1228637,visual_news/origin/guardian/images/0027/154.jpg,Maidana stalks Khan around the ring he must sense that he s behind on the judges scorecards,False,3,695022,visual_news/origin/guardian/images/0500/960.jpg,Bradley takes on Gabriel Gomez on a hot evening in Kansas City,Michael Bradley on target as off-color USA claim point against Panama,guardian,2015-07-14T04:18:45Z,False,,,True,3,0.28642788529396057,False,False,False,False,,IRRELEVANT,HIGH,"football match, unrelated to boxing bout",LABELED,False,,99,False,True
A0056,80,Q0081,1228637,visual_news/origin/guardian/images/0027/154.jpg,Maidana stalks Khan around the ring he must sense that he s behind on the judges scorecards,False,3,1621250,visual_news/origin/bbc/images/0301/328.jpg,Blackwell was dominated by Eubank Jr and had his nose bloodied in the early rounds,"Nick Blackwell still in coma but 'not deteriorating', says family",bbc,2016-03-28T20:55:52Z,False,,,True,5,0.25721538066864014,False,False,False,False,,IRRELEVANT,HIGH,"Blackwell-Eubank, different boxers and bout",LABELED,False,,98,False,True
A0057,67,Q0068,166020,visual_news/origin/washington_post/images/0417/875.jpg,An actor reads through his lines on the set of a new Iraqi comedy series about Islamic State extremists,False,2,58666,visual_news/origin/washington_post/images/0214/657.jpg,Bosnian Muslims pray during the Muslim holiday of Eid alAdha in a mosque in the village of Lukomir on Thursday,"How two villages in Bosnia are preparing for Eid al-Adha, the Muslim Festival of the Sacrifice",washington_post,2015-09-24T15:05:06Z,True,1,0.7353109121322632,False,,,False,False,False,False,,IRRELEVANT,HIGH,"Bosnian prayers, unrelated to Iraqi comedy set",LABELED,False,,99,False,True
A0058,67,Q0068,166020,visual_news/origin/washington_post/images/0417/875.jpg,An actor reads through his lines on the set of a new Iraqi comedy series about Islamic State extremists,False,2,203308,visual_news/origin/washington_post/images/0559/559.jpg,Two men killed during airstrikes in the southern Gaza town of Rafah are laid in front of the mosque before prayers and their burial,Gaza truce falls apart as more rockets fly,washington_post,2014-08-08T07:34:00Z,True,2,0.7283877730369568,False,,,False,False,False,False,,IRRELEVANT,HIGH,"Gaza funeral, unrelated to Iraqi comedy set",LABELED,False,,99,False,True
A0059,67,Q0068,166020,visual_news/origin/washington_post/images/0417/875.jpg,An actor reads through his lines on the set of a new Iraqi comedy series about Islamic State extremists,False,2,92090,visual_news/origin/washington_post/images/0595/218.jpg,Afghan men sing and dance during a wedding party in Kabul,"At Afghan shrine, ancient treatment for a new epidemic",washington_post,2012-10-24T01:00:00Z,True,3,0.7106243371963501,False,,,False,False,False,False,,IRRELEVANT,HIGH,"Kabul wedding, unrelated to Iraqi comedy set",LABELED,False,,99,False,True
A0060,67,Q0068,166020,visual_news/origin/washington_post/images/0417/875.jpg,An actor reads through his lines on the set of a new Iraqi comedy series about Islamic State extremists,False,2,169905,visual_news/origin/washington_post/images/0027/207.jpg,Lejla Cabaravdic right head of the Sumejja Islamic Women s Association in Visoko shares a coffee break with Memnuna Trako center,Rise of Bosnian mayor with a head scarf challenging assumptions about Islam,washington_post,2013-03-09T23:53:00Z,True,4,0.6974060535430908,False,,,False,False,False,False,,IRRELEVANT,HIGH,"Bosnian coffee gathering, unrelated occurrence",LABELED,False,,98,False,True
A0061,67,Q0068,166020,visual_news/origin/washington_post/images/0417/875.jpg,An actor reads through his lines on the set of a new Iraqi comedy series about Islamic State extremists,False,2,1671256,visual_news/origin/bbc/images/0516/449.jpg,There has been a Christian presence in what is now Iraq since the 2nd Century,Message of hope as Iraqi Christians mark Easter,bbc,2012-04-09T16:35:09Z,True,5,0.69176185131073,False,,,False,False,False,False,,IRRELEVANT,HIGH,"Iraqi Easter service, unrelated to comedy filming",LABELED,False,,98,False,True
A0062,67,Q0068,166020,visual_news/origin/washington_post/images/0417/875.jpg,An actor reads through his lines on the set of a new Iraqi comedy series about Islamic State extremists,False,2,166020,visual_news/origin/washington_post/images/0417/875.jpg,An actor reads through his lines on the set of a new Iraqi comedy series about Islamic State extremists,New Iraqi comedy show aims to counter Islamic State extremists,washington_post,2014-09-28T16:43:46Z,False,,,True,1,0.29399240016937256,True,True,False,False,,SAME_EVENT,HIGH,exact query image; trivial filming-set identity,LABELED,False,,100,False,True
A0063,67,Q0068,166020,visual_news/origin/washington_post/images/0417/875.jpg,An actor reads through his lines on the set of a new Iraqi comedy series about Islamic State extremists,False,2,1647196,visual_news/origin/bbc/images/0493/001.jpg,Abu Qatada is back at his home in London,Abu Qatada release: Cameron 'fed up',bbc,2012-11-13T18:42:12Z,False,,,True,2,0.28404098749160767,False,False,False,False,,IRRELEVANT,HIGH,"Abu Qatada release, unrelated occurrence",LABELED,False,,98,False,True
A0064,67,Q0068,166020,visual_news/origin/washington_post/images/0417/875.jpg,An actor reads through his lines on the set of a new Iraqi comedy series about Islamic State extremists,False,2,922987,visual_news/origin/guardian/images/0127/171.jpg,Kishani Jayasinghe in Babur In London The opera explores history s long misunderstanding of Islam by Muslims as well as others,"Babur in London - a challenging subject at Opera North, so close to Beeston",guardian,2012-06-19T10:04:00Z,False,,,True,3,0.27957046031951904,False,False,False,False,,IRRELEVANT,HIGH,different production; Islam theme only,LABELED,False,,98,False,True
A0065,67,Q0068,166020,visual_news/origin/washington_post/images/0417/875.jpg,An actor reads through his lines on the set of a new Iraqi comedy series about Islamic State extremists,False,2,48355,visual_news/origin/washington_post/images/0017/079.jpg,The prison in FleuryMerogis France French authorities are placing 60 additional Muslim chaplains in prisons doubling their budget to try to combat radicalization,"French prisons, long hotbeds of radical Islam, get new scrutiny after Paris attacks",washington_post,2015-01-28T23:19:51Z,False,,,True,4,0.2795311212539673,False,False,False,False,,IRRELEVANT,HIGH,"French prison, extremism topic only",LABELED,False,,98,False,True
A0066,67,Q0068,166020,visual_news/origin/washington_post/images/0417/875.jpg,An actor reads through his lines on the set of a new Iraqi comedy series about Islamic State extremists,False,2,1573012,visual_news/origin/bbc/images/0304/474.jpg,With a Shia majority among its population Bahrain s ruling Sunni family feel the country is especially vulnerable,Are Iran’s Sunni neighbours about to race for The Bomb?,bbc,2015-06-29T23:05:36Z,False,,,True,5,0.2786974012851715,False,False,False,False,,IRRELEVANT,HIGH,"Bahrain building, unrelated occurrence",LABELED,False,,99,False,True
A0067,134,Q0135,1141360,visual_news/origin/guardian/images/0763/450.jpg,Thai Prime Minister Yingluck Shinawatra has faced widespread opposition in recent weeks,True,1,1590104,visual_news/origin/bbc/images/0359/681.jpg,Bloomberg published an investigative report into Xi Jinping s family last year,Will China expel foreign journalists?,bbc,2013-12-11T02:11:10Z,True,1,0.9541537165641785,True,5,0.31072911620140076,False,False,False,False,,RELATED_DIFFERENT_EVENT,LOW,same person; both capture occasions unresolved,REVIEW,True,Capture occurrence unspecified. https://www.theguardian.com/world/2016/jan/13/china-human-rights-crackdown-arrest-peter-dahlin-swedish-activist,58,True,True
A0068,134,Q0135,1141360,visual_news/origin/guardian/images/0763/450.jpg,Thai Prime Minister Yingluck Shinawatra has faced widespread opposition in recent weeks,True,1,1449014,visual_news/origin/bbc/images/0068/382.jpg,Among Mr Xi s visits is a tour of the Boeing plane factory in Washington state,China's President Xi Jinping begins US state visit in Seattle,bbc,2015-09-22T16:39:46Z,True,2,0.948421061038971,False,,,False,False,False,False,,RELATED_DIFFERENT_EVENT,LOW,same person; portrait capture occasion unresolved,REVIEW,True,Capture occurrence unspecified. https://www.theguardian.com/world/2016/jan/13/china-human-rights-crackdown-arrest-peter-dahlin-swedish-activist,62,True,True
A0069,134,Q0135,1141360,visual_news/origin/guardian/images/0763/450.jpg,Thai Prime Minister Yingluck Shinawatra has faced widespread opposition in recent weeks,True,1,301292,visual_news/origin/usa_today/images/0363/241.jpg,New Communist Party General Secretary Xi Jinping speaks at the press conference at the Great Hall of the People in Beijing China on Thursday,Xi Jinping takes helm of China,usa_today,2012-11-15T04:40:16Z,True,3,0.9387079477310181,True,3,0.31311625242233276,False,False,False,False,,RELATED_DIFFERENT_EVENT,MEDIUM,different speech setting; query occasion unresolved,REVIEW,True,Capture occurrence unspecified. https://www.theguardian.com/world/2016/jan/13/china-human-rights-crackdown-arrest-peter-dahlin-swedish-activist,79,True,True
A0070,134,Q0135,1141360,visual_news/origin/guardian/images/0763/450.jpg,Thai Prime Minister Yingluck Shinawatra has faced widespread opposition in recent weeks,True,1,1624213,visual_news/origin/bbc/images/0385/615.jpg,President Xi s visit to the UK has highlighted the importance of international trade,Who is trade for?,bbc,2015-10-22T09:52:27Z,True,4,0.9227836728096008,False,,,False,False,False,False,,RELATED_DIFFERENT_EVENT,MEDIUM,UK visit differs visually; query occasion unresolved,REVIEW,True,Capture occurrence unspecified. https://www.theguardian.com/world/2016/jan/13/china-human-rights-crackdown-arrest-peter-dahlin-swedish-activist,80,True,True
A0071,134,Q0135,1141360,visual_news/origin/guardian/images/0763/450.jpg,Thai Prime Minister Yingluck Shinawatra has faced widespread opposition in recent weeks,True,1,1661903,visual_news/origin/bbc/images/0480/393.jpg,Mr Xi is on an official fournation Europe tour,China media: Xi Jinping in Europe,bbc,2014-03-31T06:38:00Z,True,5,0.8981199860572815,False,,,False,False,False,False,,RELATED_DIFFERENT_EVENT,MEDIUM,airport greeting differs; query speech occasion unresolved,REVIEW,True,Capture occurrence unspecified. https://www.theguardian.com/world/2016/jan/13/china-human-rights-crackdown-arrest-peter-dahlin-swedish-activist,81,True,True
A0072,134,Q0135,1141360,visual_news/origin/guardian/images/0763/450.jpg,Thai Prime Minister Yingluck Shinawatra has faced widespread opposition in recent weeks,True,1,1141360,visual_news/origin/guardian/images/0763/450.jpg,Chinese president Xi Jinping is widely considered to be China s most authoritarian premier in decades,China steps up human rights crackdown with arrest of foreign activist,guardian,2016-01-13T12:02:40Z,False,,,True,1,0.32451775670051575,True,True,False,False,,SAME_EVENT,HIGH,byte-identical image; capture date remains unspecified,REVIEW,True,Original publisher gives no speech capture date: https://www.theguardian.com/world/2016/jan/13/china-human-rights-crackdown-arrest-peter-dahlin-swedish-activist,100,True,True
A0073,134,Q0135,1141360,visual_news/origin/guardian/images/0763/450.jpg,Thai Prime Minister Yingluck Shinawatra has faced widespread opposition in recent weeks,True,1,1651733,visual_news/origin/bbc/images/0527/584.jpg,Xi is thought to be the most confident leader since Deng Xiaoping,The credo: Great rejuvenation of the Chinese nation,bbc,2014-11-07T01:11:37Z,False,,,True,2,0.3209635019302368,False,False,False,False,,IRRELEVANT,HIGH,"Deng portrait, historical political comparison only",LABELED,False,,98,False,True
A0074,134,Q0135,1141360,visual_news/origin/guardian/images/0763/450.jpg,Thai Prime Minister Yingluck Shinawatra has faced widespread opposition in recent weeks,True,1,1627014,visual_news/origin/bbc/images/0420/549.jpg,Papers say that Xi Jinping left is likely to discuss global security issues with Vladimir Putin,China media: Russia's role in Asia,bbc,2014-05-20T06:36:48Z,False,,,True,4,0.3112249970436096,False,False,False,False,,RELATED_DIFFERENT_EVENT,MEDIUM,Putin meeting differs; query occasion unresolved,REVIEW,True,Capture occurrence unspecified. https://www.theguardian.com/world/2016/jan/13/china-human-rights-crackdown-arrest-peter-dahlin-swedish-activist,79,True,True
A0075,92,Q0093,115650,visual_news/origin/washington_post/images/0310/132.jpg,Donald Trump on America s inner cities,False,3,123189,visual_news/origin/washington_post/images/0418/602.jpg,Donald Trump fields a question during the first Republican presidential debate hosted by Fox News and Facebook on Thursday in Cleveland,Don’t understand the Trump phenomenon? Just watch Megyn Kelly’s voter panel.,washington_post,2015-08-08T14:06:41Z,True,1,0.885585367679596,True,1,0.30600228905677795,False,False,False,False,,RELATED_DIFFERENT_EVENT,HIGH,"same person, 2015 debate versus October 2016 debate",LABELED,True,Oct. 9 debate. https://www.washingtonpost.com/video/politics/donald-trump-on-americas-inner-cities/2016/10/10/a47180ec-8f0a-11e6-bc00-1a9756d4111b_video.html,98,False,True
A0076,92,Q0093,115650,visual_news/origin/washington_post/images/0310/132.jpg,Donald Trump on America s inner cities,False,3,330456,visual_news/origin/usa_today/images/0335/060.jpg,Republican presidential candidate Donald Trump answers a question during a town hall interview on the NBC Today television program in New York April 21 2016,Donald Trump hits Bill Clinton with old rape allegation,usa_today,2016-05-19T03:43:41Z,True,2,0.8786066770553589,True,2,0.302451491355896,False,False,False,False,,RELATED_DIFFERENT_EVENT,HIGH,"same person, Today interview versus presidential debate",LABELED,True,Oct. 9 debate. https://www.washingtonpost.com/video/politics/donald-trump-on-americas-inner-cities/2016/10/10/a47180ec-8f0a-11e6-bc00-1a9756d4111b_video.html,98,False,True
A0077,92,Q0093,115650,visual_news/origin/washington_post/images/0310/132.jpg,Donald Trump on America s inner cities,False,3,132197,visual_news/origin/washington_post/images/0447/272.jpg,Republican presidential candidate Donald Trump and other presidential hopefuls are in Iowa trying to gain support and crucial votes for Monday s caucuses,Donald Trump denies allegations of gender-based discrimination from former employee,washington_post,2016-02-01T00:47:47Z,True,3,0.8739528656005859,False,,,False,False,False,False,,RELATED_DIFFERENT_EVENT,HIGH,"same person, Iowa campaign versus presidential debate",LABELED,True,Oct. 9 debate. https://www.washingtonpost.com/video/politics/donald-trump-on-americas-inner-cities/2016/10/10/a47180ec-8f0a-11e6-bc00-1a9756d4111b_video.html,97,False,True
A0078,92,Q0093,115650,visual_news/origin/washington_post/images/0310/132.jpg,Donald Trump on America s inner cities,False,3,110463,visual_news/origin/washington_post/images/0597/123.jpg,12 times Trump s town hall with Sean Hannity felt like a rally,"In prime time, Sean Hannity carries out a Clinton medical ‘investigation’",washington_post,2016-08-11T16:43:50Z,True,4,0.8666398525238037,True,3,0.29937946796417236,False,False,False,False,,RELATED_DIFFERENT_EVENT,HIGH,"same person, Hannity town hall versus presidential debate",LABELED,True,Oct. 9 debate. https://www.washingtonpost.com/video/politics/donald-trump-on-americas-inner-cities/2016/10/10/a47180ec-8f0a-11e6-bc00-1a9756d4111b_video.html,95,False,True
A0079,92,Q0093,115650,visual_news/origin/washington_post/images/0310/132.jpg,Donald Trump on America s inner cities,False,3,164025,visual_news/origin/washington_post/images/0597/852.jpg,Trump on Romney Are you sure he s a Mormon,Trump goes after Romney in Utah: ‘Are you sure he’s a Mormon?’,washington_post,2016-03-19T04:25:06Z,True,5,0.8629477620124817,False,,,False,False,False,False,,RELATED_DIFFERENT_EVENT,HIGH,"same person, Utah rally versus presidential debate",LABELED,True,Oct. 9 debate. https://www.washingtonpost.com/video/politics/donald-trump-on-americas-inner-cities/2016/10/10/a47180ec-8f0a-11e6-bc00-1a9756d4111b_video.html,98,False,True
A0080,92,Q0093,115650,visual_news/origin/washington_post/images/0310/132.jpg,Donald Trump on America s inner cities,False,3,144026,visual_news/origin/washington_post/images/0499/779.jpg,Trump takes jab at Bush saying anchor baby,"No, Donald Trump isn’t hurting Republicans with Latinos (Part 2)",washington_post,2015-08-26T11:00:39Z,False,,,True,4,0.29908013343811035,False,False,False,False,,RELATED_DIFFERENT_EVENT,HIGH,"same person, campaign rally versus presidential debate",LABELED,True,Oct. 9 debate. https://www.washingtonpost.com/video/politics/donald-trump-on-americas-inner-cities/2016/10/10/a47180ec-8f0a-11e6-bc00-1a9756d4111b_video.html,93,False,True
A0081,92,Q0093,115650,visual_news/origin/washington_post/images/0310/132.jpg,Donald Trump on America s inner cities,False,3,105450,visual_news/origin/washington_post/images/0259/170.jpg,Trump claims Obama knew about Clinton email server is caught up in big lie,Trump: Obama has to be ‘investigated’ over Hillary Clinton’s email server,washington_post,2016-10-25T22:13:53Z,False,,,True,5,0.29458707571029663,False,False,False,False,,RELATED_DIFFERENT_EVENT,HIGH,"same person, podium rally versus presidential debate",LABELED,True,Oct. 9 debate. https://www.washingtonpost.com/video/politics/donald-trump-on-americas-inner-cities/2016/10/10/a47180ec-8f0a-11e6-bc00-1a9756d4111b_video.html,96,False,True
A0082,92,Q0093,115650,visual_news/origin/washington_post/images/0310/132.jpg,Donald Trump on America s inner cities,False,3,115650,visual_news/origin/washington_post/images/0310/132.jpg,Donald Trump on America s inner cities,Donald Trump gets a basic fact wrong about black Americans,washington_post,2016-10-10T14:18:17Z,False,,,False,,,True,True,False,False,,SAME_EVENT,HIGH,exact query image; trivial debate identity,LABELED,False,,100,False,True
A0083,195,Q0196,1214458,visual_news/origin/guardian/images/0025/336.jpg,Nick Clegg and his wife Miriam during the election campaign,True,3,1111932,visual_news/origin/guardian/images/0706/025.jpg,David Cameron with Conservative MP Aidan Burley,"Olympics opening ceremony was 'multicultural crap', Tory MP tweets",guardian,2012-07-27T23:11:55Z,True,1,0.7475117444992065,False,,,False,False,False,False,,IRRELEVANT,HIGH,different politicians; British politics topic only,LABELED,False,,98,False,True
A0084,195,Q0196,1214458,visual_news/origin/guardian/images/0025/336.jpg,Nick Clegg and his wife Miriam during the election campaign,True,3,541839,visual_news/origin/guardian/images/0243/572.jpg,David Cameron with Angela Merkel at a previous EU summit in Brussels,David Cameron to demand EU treaty reform to 'save' City of London,guardian,2014-01-15T22:19:22Z,True,2,0.7412401437759399,False,,,False,False,False,False,,IRRELEVANT,HIGH,"EU summit, unrelated to NHS conference vote",LABELED,False,,98,False,True
A0085,195,Q0196,1214458,visual_news/origin/guardian/images/0025/336.jpg,Nick Clegg and his wife Miriam during the election campaign,True,3,1527274,visual_news/origin/bbc/images/0207/683.jpg,David Cameron appointed Boris Johnson as minister without portfolio in May and the latter will step down as London Mayor next year,London mayoral race: Tories shortlist four candidates,bbc,2015-07-25T16:51:12Z,True,3,0.7378333210945129,False,,,False,False,False,False,,IRRELEVANT,HIGH,"Cameron-Johnson, unrelated to NHS conference vote",LABELED,False,,98,False,True
A0086,195,Q0196,1214458,visual_news/origin/guardian/images/0025/336.jpg,Nick Clegg and his wife Miriam during the election campaign,True,3,896110,visual_news/origin/guardian/images/0114/146.jpg,Britain s leader of the opposition Labour Party Ed Miliband left congratulates shadow chancellor Ed Balls after his speech during the Labour Party s annual conference in Brighton,Labour budget plans: paid jobs for all?,guardian,2013-09-23T12:43:24Z,True,4,0.7338833212852478,False,,,False,False,False,False,,IRRELEVANT,HIGH,"Labour conference, different party and occurrence",LABELED,False,,98,False,True
A0087,195,Q0196,1214458,visual_news/origin/guardian/images/0025/336.jpg,Nick Clegg and his wife Miriam during the election campaign,True,3,502542,visual_news/origin/guardian/images/0208/693.jpg,Sir John Major has joined David Cameron in urging Scotland to remain part of the union,John Major is right on independence: there's much to fear from a yes vote,guardian,2014-09-10T10:01:06Z,True,5,0.7320249080657959,False,,,False,False,False,False,,IRRELEVANT,HIGH,"Scottish union campaign, unrelated occurrence",LABELED,False,,98,False,True
A0088,195,Q0196,1214458,visual_news/origin/guardian/images/0025/336.jpg,Nick Clegg and his wife Miriam during the election campaign,True,3,1214458,visual_news/origin/guardian/images/0025/336.jpg,Shirley Williams and the Lib Dem leader Nick Clegg vote on the NHS reform bill at the party conference in Gateshead,How Nick Clegg and Shirley Williams lost the great NHS debate,guardian,2012-03-11T18:23:00Z,False,,,True,1,0.4098903238773346,True,True,False,False,,SAME_EVENT,HIGH,exact query image; trivial Gateshead vote identity,LABELED,True,Gateshead NHS vote context. https://www.theguardian.com/politics/2012/mar/11/nick-clegg-shirley-williams-nhs-health-bill,100,False,True
A0089,195,Q0196,1214458,visual_news/origin/guardian/images/0025/336.jpg,Nick Clegg and his wife Miriam during the election campaign,True,3,786084,visual_news/origin/guardian/images/0592/624.jpg,Nick Clegg and his wife Miriam during the election campaign,Holland or Spain? Nick Clegg's divided World Cup loyalties,guardian,2010-07-09T15:32:10Z,False,,,True,2,0.33636149764060974,False,False,False,False,,RELATED_DIFFERENT_EVENT,HIGH,"same politician, election campaign versus NHS vote",LABELED,False,,94,False,True
A0090,195,Q0196,1214458,visual_news/origin/guardian/images/0025/336.jpg,Nick Clegg and his wife Miriam during the election campaign,True,3,1496247,visual_news/origin/bbc/images/0081/460.jpg,Nick Clegg said a No vote would spark a new chapter in Scotland,Scottish Lib Dem conference: Clegg says 'resist false patriotism' of SNP and UKIP,bbc,2014-03-28T16:04:17Z,False,,,True,3,0.31128087639808655,False,False,False,False,,RELATED_DIFFERENT_EVENT,HIGH,"same politician, Scottish conference versus Gateshead vote",LABELED,False,,97,False,True
A0091,195,Q0196,1214458,visual_news/origin/guardian/images/0025/336.jpg,Nick Clegg and his wife Miriam during the election campaign,True,3,608627,visual_news/origin/guardian/images/0322/892.jpg,I find myself in bed with Ken Clarke on an awful lot of things the public would describe as liberal says Lady Williams,"Shirley Williams: 'If you give up what you care about, you start dying'",guardian,2010-08-13T23:03:33Z,False,,,True,4,0.28985634446144104,False,False,False,False,,RELATED_DIFFERENT_EVENT,HIGH,"same politician, publisher interview portrait versus conference vote",LABELED,True,Original interview supplies distinct portrait context: https://www.theguardian.com/theguardian/2010/aug/14/shirely-williams-saturday-interview,95,False,True
A0092,195,Q0196,1214458,visual_news/origin/guardian/images/0025/336.jpg,Nick Clegg and his wife Miriam during the election campaign,True,3,751724,visual_news/origin/guardian/images/0571/465.jpg,Spot the difference Pudsey Bear and Nick Clegg,All hail the human face of the coalition: Nick Clegg – sad-eyed defender of the new reality,guardian,2010-10-24T23:05:01Z,False,,,True,5,0.28703200817108154,False,False,False,False,,RELATED_DIFFERENT_EVENT,HIGH,"same politician, charity appearance versus NHS vote",LABELED,False,,93,False,True
A0093,15,Q0016,488798,visual_news/origin/guardian/images/0841/017.jpg,Uluru People do not want to spend all of their holidays looking at Ayers Rock James Packer says,False,0,80888,visual_news/origin/washington_post/images/0335/412.jpg,The colors of the sunset and flora of the African savannah afford a unique background for the planetary alignment of Jupiter Venus and Mercury in June 2013,Huge sunspot causes tremendous flares that puzzle scientists,washington_post,2014-11-10T22:05:15Z,True,1,0.6918221712112427,False,,,False,False,False,False,,IRRELEVANT,HIGH,"African astronomical scene, unrelated to Uluru",LABELED,False,,99,False,True
A0094,15,Q0016,488798,visual_news/origin/guardian/images/0841/017.jpg,Uluru People do not want to spend all of their holidays looking at Ayers Rock James Packer says,False,0,141853,visual_news/origin/washington_post/images/0302/961.jpg,A photo of Zachariae Isbrae in northeast Greenland,Greenland may be losing ice even faster than we thought,washington_post,2016-09-21T20:39:13Z,True,2,0.6853682398796082,False,,,False,False,False,False,,IRRELEVANT,HIGH,"Greenland glacier, landscape resemblance only",LABELED,False,,99,False,True
A0095,15,Q0016,488798,visual_news/origin/guardian/images/0841/017.jpg,Uluru People do not want to spend all of their holidays looking at Ayers Rock James Packer says,False,0,1463162,visual_news/origin/bbc/images/0038/622.jpg,The Scottish Wildlife Trust supports conservation work in many parts of Scotland including the island of Eigg,Heritage Lottery Fund gives skills training a £2.2m boost,bbc,2012-05-29T01:23:21Z,True,3,0.682608962059021,False,,,False,False,False,False,,IRRELEVANT,HIGH,"Scottish island, unrelated landscape",LABELED,False,,98,False,True
A0096,15,Q0016,488798,visual_news/origin/guardian/images/0841/017.jpg,Uluru People do not want to spend all of their holidays looking at Ayers Rock James Packer says,False,0,86205,visual_news/origin/washington_post/images/0386/669.jpg,Mount Everest as seen from an aircraft over Nepal,Decades of human waste have made Mount Everest a ‘fecal time bomb’,washington_post,2015-03-03T21:38:40Z,True,4,0.665946364402771,False,,,False,False,False,False,,IRRELEVANT,HIGH,"Everest, different landmark",LABELED,False,,99,False,True
A0097,15,Q0016,488798,visual_news/origin/guardian/images/0841/017.jpg,Uluru People do not want to spend all of their holidays looking at Ayers Rock James Packer says,False,0,830736,visual_news/origin/guardian/images/0435/179.jpg,The world s best site for tidal power the Pentland firth could provide half of Scotland s electricity a study has shown,Tidal power from Pentland firth 'could provide half of Scotland's electricity',guardian,2013-07-10T05:00:00Z,True,5,0.6651207208633423,False,,,False,False,False,False,,IRRELEVANT,HIGH,"Pentland coast, unrelated landscape",LABELED,False,,99,False,True
A0098,15,Q0016,488798,visual_news/origin/guardian/images/0841/017.jpg,Uluru People do not want to spend all of their holidays looking at Ayers Rock James Packer says,False,0,488798,visual_news/origin/guardian/images/0841/017.jpg,Uluru People do not want to spend all of their holidays looking at Ayers Rock James Packer says,Open thread: which Australian attractions do you want to visit?,guardian,2013-11-12T04:32:32Z,False,,,True,1,0.31384986639022827,True,True,False,False,,SAME_EVENT,HIGH,byte-identical landscape; occurrence granularity needs confirmation,REVIEW,False,,100,True,True
A0099,15,Q0016,488798,visual_news/origin/guardian/images/0841/017.jpg,Uluru People do not want to spend all of their holidays looking at Ayers Rock James Packer says,False,0,204275,visual_news/origin/washington_post/images/0377/085.jpg,Fairy circles in the Western Australian outback near Newman,"Dragons, aliens, bugs? Scientists may have solved the mystery of the desert’s ‘fairy circles’",washington_post,2016-03-15T08:48:59Z,False,,,True,2,0.28325408697128296,False,False,False,False,,IRRELEVANT,HIGH,"Newman fairy circles, Australian landscape topic only",LABELED,False,,98,False,True
A0100,15,Q0016,488798,visual_news/origin/guardian/images/0841/017.jpg,Uluru People do not want to spend all of their holidays looking at Ayers Rock James Packer says,False,0,1636719,visual_news/origin/bbc/images/0523/365.jpg,Indigenous Australians Aboriginal and Torres Straits Islanders represent about 3 of the population of 24 million,Australia indigenous policy delivers mixed results: PM,bbc,2016-02-09T23:33:35Z,False,,,True,3,0.2826998233795166,False,False,False,False,,IRRELEVANT,HIGH,"community daily life, no Uluru occurrence context",LABELED,False,,98,False,True
A0101,15,Q0016,488798,visual_news/origin/guardian/images/0841/017.jpg,Uluru People do not want to spend all of their holidays looking at Ayers Rock James Packer says,False,0,471353,visual_news/origin/guardian/images/0833/287.jpg,Demand for Australia s iron ore and coal has plunged from a decade ago as Beijing seeks to scale back its huge building schemes and create a more consumerled economy,Australia's economy: is the lucky country running out of luck?,guardian,2015-04-15T07:48:18Z,False,,,True,4,0.27219852805137634,False,False,False,False,,IRRELEVANT,HIGH,"miners, Australia topic only",LABELED,False,,99,False,True
A0102,15,Q0016,488798,visual_news/origin/guardian/images/0841/017.jpg,Uluru People do not want to spend all of their holidays looking at Ayers Rock James Packer says,False,0,1185402,visual_news/origin/guardian/images/0793/270.jpg,There is too much Australian history and not enough on its rich and exciting heritage which is all British,Does anyone but the IPA want to hoist the Union Jack over our history again?,guardian,2015-07-21T04:04:31Z,False,,,True,5,0.27085477113723755,False,False,False,False,,IRRELEVANT,HIGH,"historical painting, unrelated to Uluru photograph",LABELED,False,,99,False,True
A0103,147,Q0148,78760,visual_news/origin/washington_post/images/0376/220.jpg,From the left Thomas Ulsrud Torgor Nergard Christoffer Svae and Havard Vad Petersson wear their crazy funky Olympic outfits,True,1,356252,visual_news/origin/usa_today/images/0720/887.jpg,Howard played with current Lakers teammate Kobe Bryant for Team USA in the 2008 Beijing Olympics winning his only Olympic gold medal,NBA A-Z: Lakers GM still defends Dwight Howard,usa_today,2013-03-01T11:04:58Z,True,1,0.7632169723510742,False,,,False,False,False,False,,IRRELEVANT,HIGH,"Beijing basketball medals, unrelated Olympic occurrence",LABELED,False,,98,False,True
A0104,147,Q0148,78760,visual_news/origin/washington_post/images/0376/220.jpg,From the left Thomas Ulsrud Torgor Nergard Christoffer Svae and Havard Vad Petersson wear their crazy funky Olympic outfits,True,1,365889,visual_news/origin/usa_today/images/0625/348.jpg,Aly Raisman and her teammates react during the women s team finals in the Rio 2016 Summer Olympic Games at Rio Olympic Arena,Reigning gold medalist Serena Williams ousted from Olympics,usa_today,2016-08-09T23:02:51Z,True,2,0.755878210067749,True,3,0.3028060495853424,False,False,False,False,,RELATED_DIFFERENT_EVENT,HIGH,"Rio gymnastics, artistic team versus rhythmic group final",LABELED,False,,94,False,True
A0105,147,Q0148,78760,visual_news/origin/washington_post/images/0376/220.jpg,From the left Thomas Ulsrud Torgor Nergard Christoffer Svae and Havard Vad Petersson wear their crazy funky Olympic outfits,True,1,44482,visual_news/origin/washington_post/images/0400/621.jpg,China s silver medalist He Zi receives a marriage proposal from fellow diver Qin Ki during the medal ceremony for the women s threemeter springboard diving final on Sunday,Chinese diver He Zi gets engaged after winning silver medal,washington_post,2016-08-14T21:10:43Z,True,3,0.7393299341201782,False,,,False,False,False,False,,RELATED_DIFFERENT_EVENT,HIGH,"Rio medals, diving proposal versus rhythmic podium",LABELED,False,,90,False,True
A0106,147,Q0148,78760,visual_news/origin/washington_post/images/0376/220.jpg,From the left Thomas Ulsrud Torgor Nergard Christoffer Svae and Havard Vad Petersson wear their crazy funky Olympic outfits,True,1,186345,visual_news/origin/washington_post/images/0515/499.jpg,The Russian team reacts from the bench during a women s water polo prelim against Brazil,"Kayla Harrison: Victim, survivor — and now two-time Olympic judo gold medalist",washington_post,2016-08-11T23:39:09Z,True,4,0.7220845818519592,True,2,0.313495934009552,False,False,False,False,,RELATED_DIFFERENT_EVENT,HIGH,"Russian Rio competitors, water polo versus rhythmic final",LABELED,False,,92,False,True
A0107,147,Q0148,78760,visual_news/origin/washington_post/images/0376/220.jpg,From the left Thomas Ulsrud Torgor Nergard Christoffer Svae and Havard Vad Petersson wear their crazy funky Olympic outfits,True,1,315475,visual_news/origin/usa_today/images/0614/033.jpg,Canada athletes march in during the opening ceremonies for the Rio 2016 Summer Olympic Games at Maracana,Who needs money? Rio's Olympic opening ceremony had a conscience,usa_today,2016-08-06T03:32:32Z,True,5,0.7188690900802612,False,,,False,False,False,False,,RELATED_DIFFERENT_EVENT,HIGH,Rio opening ceremony versus rhythmic medal ceremony,LABELED,False,,93,False,True
A0108,147,Q0148,78760,visual_news/origin/washington_post/images/0376/220.jpg,From the left Thomas Ulsrud Torgor Nergard Christoffer Svae and Havard Vad Petersson wear their crazy funky Olympic outfits,True,1,78760,visual_news/origin/washington_post/images/0376/220.jpg,Rhythmic Gymnastics Group AllAround gold medallists Russia silver medallists Spain and bronze medallist Bulgaria on the podium,Rio’s problems — and IOC’s hubris — were glossed over by brilliant athletic feats,washington_post,2016-08-21T18:56:43Z,False,,,True,1,0.326399028301239,True,True,False,False,,SAME_EVENT,HIGH,exact query image; trivial rhythmic-podium identity,LABELED,False,,100,False,True
A0109,147,Q0148,78760,visual_news/origin/washington_post/images/0376/220.jpg,From the left Thomas Ulsrud Torgor Nergard Christoffer Svae and Havard Vad Petersson wear their crazy funky Olympic outfits,True,1,97184,visual_news/origin/washington_post/images/0077/673.jpg,No blanket ban on Russians for Rio Olympics,IOC decides not to ban full Russian team from Rio Olympics,washington_post,2016-07-24T14:19:12Z,False,,,True,4,0.3004758954048157,False,False,False,False,,RELATED_DIFFERENT_EVENT,MEDIUM,Russian Rio eligibility decision versus podium; photo occurrence unclear,REVIEW,True,July 24 eligibility announcement; photo capture unspecified. https://www.washingtonpost.com/news/sports/wp/2016/07/24/ioc-decides-against-complete-ban-of-russian-team-from-rio-olympics/,78,True,True
A0110,147,Q0148,78760,visual_news/origin/washington_post/images/0376/220.jpg,From the left Thomas Ulsrud Torgor Nergard Christoffer Svae and Havard Vad Petersson wear their crazy funky Olympic outfits,True,1,198372,visual_news/origin/washington_post/images/0584/386.jpg,Models display Russia s uniform for the Sochi Winter Olympics during a presentation in Moscow,Journalists at Sochi are live-tweeting their hilarious and gross hotel experiences,washington_post,2014-02-04T20:37:47Z,False,,,True,5,0.2929990291595459,False,False,False,False,,RELATED_DIFFERENT_EVENT,HIGH,"Russian Olympic kit, Sochi presentation versus Rio podium",LABELED,False,,91,False,True
A0111,115,Q0116,563894,visual_news/origin/guardian/images/0255/472.jpg,Aljaz Bedene formerly of Slovenia will not be eligible to represent Great Britain in the Davis Cup final as the International Tennis Federation have adjourned his appeal until March,True,0,602000,visual_news/origin/guardian/images/0308/781.jpg,Andy Murray celebrates winning his tough foursetter against Ivan Ljubicic on Centre Court,Wimbledon 2011: Andy Murray is left to fly British flag alone,guardian,2011-06-24T21:52:00Z,True,1,0.7996991872787476,True,3,0.2971743941307068,False,False,False,False,,RELATED_DIFFERENT_EVENT,HIGH,"same player, Ljubicic Wimbledon versus Mahut Rotterdam",LABELED,False,,98,False,True
A0112,115,Q0116,563894,visual_news/origin/guardian/images/0255/472.jpg,Aljaz Bedene formerly of Slovenia will not be eligible to represent Great Britain in the Davis Cup final as the International Tennis Federation have adjourned his appeal until March,True,0,842893,visual_news/origin/guardian/images/0450/794.jpg,Greg Rusedski was on the losing Great Britain team in the Davis Cup tie against Ecuador in 2000,Great Britain face Wimbledon question for Davis Cup tie against France,guardian,2015-03-08T22:27:02Z,True,2,0.792401134967804,False,,,False,False,False,False,,IRRELEVANT,HIGH,different player and old Davis Cup tie; tennis topic only,LABELED,False,,97,False,True
A0113,115,Q0116,563894,visual_news/origin/guardian/images/0255/472.jpg,Aljaz Bedene formerly of Slovenia will not be eligible to represent Great Britain in the Davis Cup final as the International Tennis Federation have adjourned his appeal until March,True,0,285453,visual_news/origin/usa_today/images/0589/976.jpg,Thomas Berdych did nt have quite enough against Djokovic against whom he is 112,USA's Stephens knocks Serena out of Australian Open,usa_today,2013-01-23T02:12:13Z,True,3,0.7479442358016968,False,,,False,False,False,False,,IRRELEVANT,HIGH,different players and Australian Open match,LABELED,False,,98,False,True
A0114,115,Q0116,563894,visual_news/origin/guardian/images/0255/472.jpg,Aljaz Bedene formerly of Slovenia will not be eligible to represent Great Britain in the Davis Cup final as the International Tennis Federation have adjourned his appeal until March,True,0,213914,visual_news/origin/usa_today/images/0199/548.jpg,Novak Djokovic returns to Roger Federer,Novak Djokovic beats Roger Federer for men's title at Wimbledon,usa_today,2014-07-06T17:07:49Z,True,4,0.7471754550933838,False,,,False,False,False,False,,IRRELEVANT,HIGH,"Djokovic-Federer, no link to Murray-Mahut match",LABELED,False,,98,False,True
A0115,115,Q0116,563894,visual_news/origin/guardian/images/0255/472.jpg,Aljaz Bedene formerly of Slovenia will not be eligible to represent Great Britain in the Davis Cup final as the International Tennis Federation have adjourned his appeal until March,True,0,215899,visual_news/origin/usa_today/images/0657/764.jpg,Jack Sock of the United States hits a backhand to Taro Daniel of Japan during the men s singles in the Rio 2016 Summer Olympic Games at Olympic Tennis Centre,"U.S. men, though far from perfect, qualify for team gymnastics final",usa_today,2016-08-06T19:42:37Z,True,5,0.7463196516036987,False,,,False,False,False,False,,IRRELEVANT,HIGH,"Sock-Daniel at Rio, no event-level link",LABELED,False,,98,False,True
A0116,115,Q0116,563894,visual_news/origin/guardian/images/0255/472.jpg,Aljaz Bedene formerly of Slovenia will not be eligible to represent Great Britain in the Davis Cup final as the International Tennis Federation have adjourned his appeal until March,True,0,563894,visual_news/origin/guardian/images/0255/472.jpg,Andy Murray returns the ball during his straight sets win against Nicolas Mahut at the Rotterdam Open,Andy Murray begins Rotterdam Open campaign with win over Nicolas Mahut,guardian,2015-02-11T16:17:32Z,False,,,True,1,0.34514307975769043,True,True,False,False,,SAME_EVENT,HIGH,exact query image; trivial Murray-Mahut identity,LABELED,False,,100,False,True
A0117,115,Q0116,563894,visual_news/origin/guardian/images/0255/472.jpg,Aljaz Bedene formerly of Slovenia will not be eligible to represent Great Britain in the Davis Cup final as the International Tennis Federation have adjourned his appeal until March,True,0,681434,visual_news/origin/guardian/images/0385/059.jpg,Andy Murray s attention turns to his rackets after losing in four sets to Novak Djokovic in the Australian Open final,Five other occasions Andy Murray has suffered a sense of humour failure,guardian,2015-02-02T12:19:04Z,False,,,True,2,0.3106994330883026,False,False,False,False,,RELATED_DIFFERENT_EVENT,HIGH,"same player, Australian final versus Rotterdam match",LABELED,False,,98,False,True
A0118,115,Q0116,563894,visual_news/origin/guardian/images/0255/472.jpg,Aljaz Bedene formerly of Slovenia will not be eligible to represent Great Britain in the Davis Cup final as the International Tennis Federation have adjourned his appeal until March,True,0,701198,visual_news/origin/guardian/images/0515/007.jpg,Great Britain s Ben Ainslie takes on Denmark s Jonas HoghChristensen on Sunday,London 2012: Ben Ainslie ready to add to Team GB's medal rush,guardian,2012-08-05T08:35:16Z,False,,,True,4,0.29334351420402527,False,False,False,False,,IRRELEVANT,HIGH,"Olympic sailing, unrelated to tennis match",LABELED,False,,99,False,True
A0119,115,Q0116,563894,visual_news/origin/guardian/images/0255/472.jpg,Aljaz Bedene formerly of Slovenia will not be eligible to represent Great Britain in the Davis Cup final as the International Tennis Federation have adjourned his appeal until March,True,0,1012482,visual_news/origin/guardian/images/0612/231.jpg,Aljaz Bedene formerly of Slovenia will not be eligible to represent Great Britain in the Davis Cup final as the International Tennis Federation have adjourned his appeal until March,Aljaz Bedene ruled out of Davis Cup final after appeal hearing adjourned,guardian,2015-11-17T22:00:06Z,False,,,True,5,0.28321269154548645,False,False,False,False,,IRRELEVANT,HIGH,different player and Davis Cup eligibility; tennis topic only,LABELED,False,,97,False,True
A0120,104,Q0105,1078984,visual_news/origin/guardian/images/0697/742.jpg,Here s Beefy Botham again right this time at Louis Tussauds Waxwork Museum Great Yarmouth alongside Gazza left and Michael Owen,True,0,1102950,visual_news/origin/guardian/images/0703/778.jpg,Chris Gayle who is to join Somerset for their Twenty20 campaign in T20 action for Royal Challengers Bangalore,Chris Gayle joins Somerset's quest to end Twenty20 frustration,guardian,2012-01-12T20:20:32Z,True,1,0.675290584564209,False,,,False,False,False,False,,IRRELEVANT,HIGH,"Gayle IPL batting, unrelated to Tendulkar Yorkshire signing",LABELED,False,,98,False,True
A0121,104,Q0105,1078984,visual_news/origin/guardian/images/0697/742.jpg,Here s Beefy Botham again right this time at Louis Tussauds Waxwork Museum Great Yarmouth alongside Gazza left and Michael Owen,True,0,489077,visual_news/origin/guardian/images/0841/092.jpg,There was criticism of the Australia side after England rallied on day four,The Ashes 2010: Australian press reaction - 'England rise again',guardian,2010-11-28T12:50:48Z,True,2,0.667211651802063,False,,,False,False,False,False,,IRRELEVANT,HIGH,"Ashes match, unrelated player and occurrence",LABELED,False,,98,False,True
A0122,104,Q0105,1078984,visual_news/origin/guardian/images/0697/742.jpg,Here s Beefy Botham again right this time at Louis Tussauds Waxwork Museum Great Yarmouth alongside Gazza left and Michael Owen,True,0,803538,visual_news/origin/guardian/images/0403/292.jpg,Graeme Swann gives the England fans something to cheer when he hits a couple of boundaries,"Ashes 2013-14: Australia v England, third Test, day three",guardian,2013-12-15T11:40:12Z,True,3,0.6597023010253906,False,,,False,False,False,False,,IRRELEVANT,HIGH,"Swann Ashes batting, unrelated occurrence",LABELED,False,,98,False,True
A0123,104,Q0105,1078984,visual_news/origin/guardian/images/0697/742.jpg,Here s Beefy Botham again right this time at Louis Tussauds Waxwork Museum Great Yarmouth alongside Gazza left and Michael Owen,True,0,902177,visual_news/origin/guardian/images/0109/432.jpg,The coach Andy Flower and Andrew Strauss are hoping for bowlerfriendly conditions at Lord s to allow England s attack to make amends for Cardiff,Andrew Strauss sticks to his guns over five bowlers' strategy,guardian,2009-07-15T16:27:26Z,True,4,0.6497769355773926,False,,,False,False,False,False,,IRRELEVANT,HIGH,"England training, unrelated to Yorkshire signing",LABELED,False,,97,False,True
A0124,104,Q0105,1078984,visual_news/origin/guardian/images/0697/742.jpg,Here s Beefy Botham again right this time at Louis Tussauds Waxwork Museum Great Yarmouth alongside Gazza left and Michael Owen,True,0,495752,visual_news/origin/guardian/images/0200/753.jpg,Ryan Giggs Paul Ince and Bryan Robson celebrate after the Arsenal v Manchester United Charity Shield in 1993,"Ryan Giggs's 244 team-mates with Manchester United, Wales and GB",guardian,2013-03-01T11:00:02Z,True,5,0.6284552812576294,False,,,False,False,False,False,,IRRELEVANT,HIGH,"Manchester United trophy, unrelated sport and event",LABELED,False,,99,False,True
A0125,104,Q0105,1078984,visual_news/origin/guardian/images/0697/742.jpg,Here s Beefy Botham again right this time at Louis Tussauds Waxwork Museum Great Yarmouth alongside Gazza left and Michael Owen,True,0,1078984,visual_news/origin/guardian/images/0697/742.jpg,Sachin Tendulkar poses with a pint and a cloth cap after being chosen as the first nonYorkshireman to play for the county,Sachin Tendulkar's Yorkshire roots helped make him a master of modesty,guardian,2011-06-28T23:06:00Z,False,,,True,1,0.42721834778785706,True,True,False,False,,SAME_EVENT,HIGH,"exact query image; archival Yorkshire signing, later article",LABELED,False,,100,False,True
A0126,104,Q0105,1078984,visual_news/origin/guardian/images/0697/742.jpg,Here s Beefy Botham again right this time at Louis Tussauds Waxwork Museum Great Yarmouth alongside Gazza left and Michael Owen,True,0,1653212,visual_news/origin/bbc/images/0461/156.jpg,Andrew Urry posed for a photo outside the away section of Valley Parade before getting on the coach back to Essex,Australian Southend United fan travels to Bradford for postponed match,bbc,2015-12-14T09:49:01Z,False,,,True,2,0.28502458333969116,False,False,False,False,,IRRELEVANT,HIGH,"football supporter trip, unrelated occurrence",LABELED,False,,99,False,True
A0127,104,Q0105,1078984,visual_news/origin/guardian/images/0697/742.jpg,Here s Beefy Botham again right this time at Louis Tussauds Waxwork Museum Great Yarmouth alongside Gazza left and Michael Owen,True,0,1630704,visual_news/origin/bbc/images/0505/058.jpg,Clemetson pictured at Clifton College,The officer who refused to lie about being black,bbc,2015-04-27T16:24:36Z,False,,,True,3,0.27619025111198425,False,False,False,False,,IRRELEVANT,HIGH,"historical school photograph, unrelated occurrence",LABELED,False,,99,False,True
A0128,104,Q0105,1078984,visual_news/origin/guardian/images/0697/742.jpg,Here s Beefy Botham again right this time at Louis Tussauds Waxwork Museum Great Yarmouth alongside Gazza left and Michael Owen,True,0,1682150,visual_news/origin/bbc/images/0419/063.jpg,Crowe was inducted into the International Cricket Council s Hall of Fame in February last year,Martin Crowe: New Zealander was a cricketing 'genius',bbc,2016-03-03T00:29:01Z,False,,,True,4,0.27514883875846863,False,False,False,False,,IRRELEVANT,HIGH,"Crowe induction, different cricketer and ceremony",LABELED,False,,98,False,True
A0129,104,Q0105,1078984,visual_news/origin/guardian/images/0697/742.jpg,Here s Beefy Botham again right this time at Louis Tussauds Waxwork Museum Great Yarmouth alongside Gazza left and Michael Owen,True,0,1470111,visual_news/origin/bbc/images/0007/147.jpg,Saad alHilli and his brother Zaid inherited their father s home in Claygate Surrey,French Alps murders: Victim had money worries over home,bbc,2012-09-28T01:36:31Z,False,,,True,5,0.269972562789917,False,False,False,False,,IRRELEVANT,HIGH,"house photograph, unrelated occurrence",LABELED,False,,99,False,True
A0130,26,Q0027,109531,visual_news/origin/washington_post/images/0494/711.jpg,A supporter of Venezuelan President Hugo Chavez sits on the hood of his car as he listens during a campaign rally in Acarigua in the state of Portuguesa,False,1,53505,visual_news/origin/washington_post/images/0590/910.jpg,People visit a makeshift memorial outside Fire Station 7 in Prescott Ariz to pay their respects to the 19 firefighters who died in the Yarnell Hill fire,"Rare mix of events may have overtaken 19 firefighters, wildfire veterans say",washington_post,2013-07-02T22:21:11Z,True,1,0.701654314994812,False,,,False,False,False,False,,IRRELEVANT,HIGH,"Arizona firefighter memorial, unrelated to Chavez rally",LABELED,False,,99,False,True
A0131,26,Q0027,109531,visual_news/origin/washington_post/images/0494/711.jpg,A supporter of Venezuelan President Hugo Chavez sits on the hood of his car as he listens during a campaign rally in Acarigua in the state of Portuguesa,False,1,166768,visual_news/origin/washington_post/images/0591/790.jpg,Heather Brame and her son JT sign a poster at the makeshift memorial,Chattanooga gunman came from a middle-class Muslim family,washington_post,2015-07-17T00:19:12Z,True,2,0.6857348680496216,False,,,False,False,False,False,,IRRELEVANT,HIGH,"Chattanooga memorial, unrelated occurrence",LABELED,False,,99,False,True
A0132,26,Q0027,109531,visual_news/origin/washington_post/images/0494/711.jpg,A supporter of Venezuelan President Hugo Chavez sits on the hood of his car as he listens during a campaign rally in Acarigua in the state of Portuguesa,False,1,187620,visual_news/origin/washington_post/images/0506/370.jpg,A woman chants progovernment slogans as she holds a portrait of Venezuela s late President Hugo Chavez at a rally of elderly people in Caracas Venezuela,Venezuelan protest leader taken into custody,washington_post,2014-02-18T18:45:00Z,True,3,0.6776261329650879,False,,,False,False,False,False,,RELATED_DIFFERENT_EVENT,HIGH,"Chavez support, Caracas rally after his death versus Acarigua campaign",LABELED,False,,96,False,True
A0133,26,Q0027,109531,visual_news/origin/washington_post/images/0494/711.jpg,A supporter of Venezuelan President Hugo Chavez sits on the hood of his car as he listens during a campaign rally in Acarigua in the state of Portuguesa,False,1,359925,visual_news/origin/usa_today/images/0176/507.jpg,Demonstrators protest in Oakland Calif on Nov 24,Ferguson decision triggers nationwide protests,usa_today,2014-11-25T12:41:22Z,True,4,0.6758544445037842,False,,,False,False,False,False,,IRRELEVANT,HIGH,"Oakland Ferguson protest, different cause and country",LABELED,False,,99,False,True
A0134,26,Q0027,109531,visual_news/origin/washington_post/images/0494/711.jpg,A supporter of Venezuelan President Hugo Chavez sits on the hood of his car as he listens during a campaign rally in Acarigua in the state of Portuguesa,False,1,198084,visual_news/origin/washington_post/images/0421/994.jpg,A fan with a Confederate flag during practice in Daytona on July 3,NASCAR faces ‘Southern Thunder’ as Confederate flags fly at Daytona,washington_post,2015-07-06T11:06:22Z,True,5,0.6717109084129333,False,,,False,False,False,False,,IRRELEVANT,HIGH,"NASCAR fan, car and flag resemblance only",LABELED,False,,98,False,True
A0135,26,Q0027,109531,visual_news/origin/washington_post/images/0494/711.jpg,A supporter of Venezuelan President Hugo Chavez sits on the hood of his car as he listens during a campaign rally in Acarigua in the state of Portuguesa,False,1,109531,visual_news/origin/washington_post/images/0494/711.jpg,A supporter of Venezuelan President Hugo Chavez sits on the hood of his car as he listens during a campaign rally in Acarigua in the state of Portuguesa,"After 14 years in power, Hugo Chavez confronts a tough challenger in Venezuela election",washington_post,2012-10-06T14:08:00Z,False,,,True,1,0.34978049993515015,True,True,False,False,,SAME_EVENT,HIGH,exact query image; trivial Acarigua rally identity,LABELED,False,,100,False,True
A0136,26,Q0027,109531,visual_news/origin/washington_post/images/0494/711.jpg,A supporter of Venezuelan President Hugo Chavez sits on the hood of his car as he listens during a campaign rally in Acarigua in the state of Portuguesa,False,1,267284,visual_news/origin/usa_today/images/0366/551.jpg,Federal Police Chief Manuel Mondragon said Thursday that Gonzalo Inzunza Inzunza s men took Inzunza s body with them,Cartel boss dies in gunbattle at Mexican resort,usa_today,2013-12-20T05:57:36Z,False,,,True,2,0.29583847522735596,False,False,False,False,,IRRELEVANT,HIGH,"Mexican funeral, unrelated occurrence",LABELED,False,,99,False,True
A0137,26,Q0027,109531,visual_news/origin/washington_post/images/0494/711.jpg,A supporter of Venezuelan President Hugo Chavez sits on the hood of his car as he listens during a campaign rally in Acarigua in the state of Portuguesa,False,1,1619693,visual_news/origin/bbc/images/0350/970.jpg,Mr Chavez s supporters have been expecting news about his return from Cuba,"Hugo Chavez joking and laughing, says Venezuela minister",bbc,2013-01-22T03:52:10Z,False,,,True,3,0.287883460521698,False,False,False,False,,RELATED_DIFFERENT_EVENT,MEDIUM,"Chavez supporters, different scene; candidate capture date unverified",REVIEW,True,Recovery report found; photo occurrence remains unspecified. https://www.standard.co.uk/panewsfeeds/hugo-chavez-joking-and-laughing-8461036.html,77,True,True
A0138,26,Q0027,109531,visual_news/origin/washington_post/images/0494/711.jpg,A supporter of Venezuelan President Hugo Chavez sits on the hood of his car as he listens during a campaign rally in Acarigua in the state of Portuguesa,False,1,169088,visual_news/origin/washington_post/images/0456/031.jpg,Posters and balloons are placed by a tree during a candlelight vigil held in honor of Jamyla Bolden on Aug 20 in Ferguson Mo,Arrest made in death of 9-year-old Ferguson girl killed while doing homework,washington_post,2015-08-27T21:58:27Z,False,,,True,4,0.28752949833869934,False,False,False,False,,IRRELEVANT,HIGH,"Ferguson vigil, unrelated occurrence",LABELED,False,,99,False,True
A0139,26,Q0027,109531,visual_news/origin/washington_post/images/0494/711.jpg,A supporter of Venezuelan President Hugo Chavez sits on the hood of his car as he listens during a campaign rally in Acarigua in the state of Portuguesa,False,1,141163,visual_news/origin/washington_post/images/0583/303.jpg,Alton Sterling 37 who was shot dead by police in Baton Rouge is pictured in this undated photo,"After Alton Sterling was killed, they decided to do something. But what?",washington_post,2016-07-17T11:52:31Z,False,,,True,5,0.28702524304389954,False,False,False,False,,IRRELEVANT,HIGH,"Alton Sterling portrait, unrelated occurrence",LABELED,False,,99,False,True
A0140,44,Q0045,495308,visual_news/origin/guardian/images/0200/634.jpg,Nathan Dyer scored for Swansea City against Burnley in the Premier League at the Liberty stadium,False,1,1545244,visual_news/origin/bbc/images/0179/091.jpg,Sunderland have won the last six derbies most recently a 30 win at the Stadium of Light in October,Northumbria Police call for calm in Newcastle-Sunderland derby,bbc,2016-03-19T12:09:37Z,True,1,0.7636386752128601,False,,,False,False,False,False,,IRRELEVANT,HIGH,"Newcastle-Sunderland, different clubs and fixture",LABELED,False,,98,False,True
A0141,44,Q0045,495308,visual_news/origin/guardian/images/0200/634.jpg,Nathan Dyer scored for Swansea City against Burnley in the Premier League at the Liberty stadium,False,1,1267806,visual_news/origin/guardian/images/0075/911.jpg,Ross Barkley underlined his potential at times in his display for England against Estonia in the Euro 2016 qualifier at Wembley,Ross Barkley’s sublime moment lights up England on a listless night,guardian,2015-10-09T21:08:28Z,True,2,0.7595762014389038,False,,,False,False,False,False,,IRRELEVANT,HIGH,"England-Estonia, unrelated fixture",LABELED,False,,98,False,True
A0142,44,Q0045,495308,visual_news/origin/guardian/images/0200/634.jpg,Nathan Dyer scored for Swansea City against Burnley in the Premier League at the Liberty stadium,False,1,1225890,visual_news/origin/guardian/images/0045/425.jpg,Brentford 11 Charlton Brentford s James Tarkowski tussles with the floored Igor Vetokele of Charlton Athletic in their match at Griffin Park,Championship football,guardian,2014-08-09T15:10:55Z,True,3,0.7467423677444458,False,,,False,False,False,False,,IRRELEVANT,HIGH,"Brentford-Charlton, different clubs and fixture",LABELED,False,,98,False,True
A0143,44,Q0045,495308,visual_news/origin/guardian/images/0200/634.jpg,Nathan Dyer scored for Swansea City against Burnley in the Premier League at the Liberty stadium,False,1,1672483,visual_news/origin/bbc/images/0449/984.jpg,Viewers who sat through Everton s recent goalless draw with West Brom might question whether 10magame is money wellspent,Newspaper headlines: Conservative and Labour funds and Premier League TV deal,bbc,2015-02-11T06:03:26Z,True,4,0.7235077619552612,False,,,False,False,False,False,,IRRELEVANT,HIGH,"Everton-West Brom, different clubs and fixture",LABELED,False,,98,False,True
A0144,44,Q0045,495308,visual_news/origin/guardian/images/0200/634.jpg,Nathan Dyer scored for Swansea City against Burnley in the Premier League at the Liberty stadium,False,1,561610,visual_news/origin/guardian/images/0261/061.jpg,Sheffield Wednesday s Ross Barkley scored twice to inspire his side to a 30 win at Ipswich in the Championship,Ipswich blasted by caretaker as Ross Barkley fires Sheffield Wednesday,guardian,2012-10-27T16:59:36Z,True,5,0.7126321196556091,False,,,False,False,False,False,,IRRELEVANT,HIGH,"Wednesday-Ipswich, different clubs and fixture",LABELED,False,,98,False,True
A0145,44,Q0045,495308,visual_news/origin/guardian/images/0200/634.jpg,Nathan Dyer scored for Swansea City against Burnley in the Premier League at the Liberty stadium,False,1,495308,visual_news/origin/guardian/images/0200/634.jpg,Nathan Dyer scored for Swansea City against Burnley in the Premier League at the Liberty stadium,Swansea winger Nathan Dyer’s fine finish sends Burnley home pointless,guardian,2014-08-23T15:56:59Z,False,,,True,1,0.36355894804000854,True,True,False,False,,SAME_EVENT,HIGH,exact query image; trivial Swansea-Burnley identity,LABELED,False,,100,False,True
A0146,44,Q0045,495308,visual_news/origin/guardian/images/0200/634.jpg,Nathan Dyer scored for Swansea City against Burnley in the Premier League at the Liberty stadium,False,1,1063687,visual_news/origin/guardian/images/0687/636.jpg,Swansea will play in the Europa League third qualifying round after last season s Capital One Cup triumph,Swansea to play Hibernian or Malmo in Europa League qualifying round,guardian,2013-07-19T11:51:17Z,False,,,True,2,0.3196989595890045,False,False,False,False,,RELATED_DIFFERENT_EVENT,HIGH,"same Swansea team, cup celebration versus Burnley match",LABELED,False,,98,False,True
A0147,44,Q0045,495308,visual_news/origin/guardian/images/0200/634.jpg,Nathan Dyer scored for Swansea City against Burnley in the Premier League at the Liberty stadium,False,1,1664868,visual_news/origin/bbc/images/0497/927.jpg,One of the big global moves in January was of Papiss Demba Cisse from Germany s Freiburg to Newcastle United,Football transfer numbers and costs in global fall,bbc,2012-07-06T06:34:08Z,False,,,True,3,0.30340778827667236,False,False,False,False,,IRRELEVANT,HIGH,"Newcastle transfer context, unrelated fixture",LABELED,False,,98,False,True
A0148,44,Q0045,495308,visual_news/origin/guardian/images/0200/634.jpg,Nathan Dyer scored for Swansea City against Burnley in the Premier League at the Liberty stadium,False,1,948294,visual_news/origin/guardian/images/0164/762.jpg,The Newcastle captain Fabricio Coloccini has said only personal problems would force him out of the club,Fabricio Coloccini will stay at Newcastle until end of season,guardian,2013-01-29T11:58:59Z,False,,,True,4,0.26809176802635193,False,False,False,False,,IRRELEVANT,HIGH,"Newcastle player, unrelated occurrence",LABELED,False,,98,False,True
A0149,44,Q0045,495308,visual_news/origin/guardian/images/0200/634.jpg,Nathan Dyer scored for Swansea City against Burnley in the Premier League at the Liberty stadium,False,1,849282,visual_news/origin/guardian/images/0471/071.jpg,Mario Balotelli was an unused substitute during Manchester City s win over Fulham and may feel Milan is his best option,Mario Balotelli could leave Manchester City for Milan this week,guardian,2013-01-20T22:03:01Z,False,,,True,5,0.2625664472579956,False,False,False,False,,IRRELEVANT,HIGH,"Manchester City substitute, unrelated occurrence",LABELED,False,,98,False,True
A0150,54,Q0055,508137,visual_news/origin/guardian/images/0216/349.jpg,The Medak district of Andhra Pradesh In 15 years selfreliant organisations have empowered more than 12 million women,False,2,146899,visual_news/origin/washington_post/images/0261/672.jpg,Pakistani villagers wade through water to find safe shelters in Pindi Bhatian Pakistan,Death toll from monsoon flooding in Indian Kashmir rises to 47,washington_post,2014-09-06T03:39:35Z,True,1,0.8009066581726074,True,3,0.2675439715385437,False,False,False,False,,IRRELEVANT,HIGH,Pakistan flood evacuation versus Medak community scene,LABELED,False,,99,False,True
A0151,54,Q0055,508137,visual_news/origin/guardian/images/0216/349.jpg,The Medak district of Andhra Pradesh In 15 years selfreliant organisations have empowered more than 12 million women,False,2,381390,visual_news/origin/usa_today/images/0136/303.jpg,A school girl cools her head with a cold water bottle in Jammu India May 19 2016,"India reaches 123.8 degrees, setting all-time high",usa_today,2016-05-20T14:17:16Z,True,2,0.7804296612739563,False,,,False,False,False,False,,IRRELEVANT,HIGH,"Jammu heat, water-container resemblance only",LABELED,False,,98,False,True
A0152,54,Q0055,508137,visual_news/origin/guardian/images/0216/349.jpg,The Medak district of Andhra Pradesh In 15 years selfreliant organisations have empowered more than 12 million women,False,2,117623,visual_news/origin/washington_post/images/0584/131.jpg,Pakistanis pour into Afghanistan fleeing military offensive,Pakistanis displaced by military offensive seek refuge in Afghanistan,washington_post,2014-07-02T19:27:00Z,True,3,0.7772688865661621,False,,,False,False,False,False,,IRRELEVANT,HIGH,"Pakistan displacement, unrelated occurrence",LABELED,False,,99,False,True
A0153,54,Q0055,508137,visual_news/origin/guardian/images/0216/349.jpg,The Medak district of Andhra Pradesh In 15 years selfreliant organisations have empowered more than 12 million women,False,2,254384,visual_news/origin/usa_today/images/0515/924.jpg,Refugees wait behind a fence before they cross the border from Syria into Turkey near Suruc Turkey,Turkey faces flood of refugees from Syria,usa_today,2014-09-22T21:38:32Z,True,4,0.7720824480056763,False,,,False,False,False,False,,IRRELEVANT,HIGH,"Syria-Turkey refugees, unrelated occurrence",LABELED,False,,99,False,True
A0154,54,Q0055,508137,visual_news/origin/guardian/images/0216/349.jpg,The Medak district of Andhra Pradesh In 15 years selfreliant organisations have empowered more than 12 million women,False,2,962260,visual_news/origin/guardian/images/0162/077.jpg,A handout from the Nigerian army showing some of the 338 people freed from Boko Haram camps,Nigeria rescues hundreds of women and children from Boko Haram,guardian,2015-10-28T15:04:29Z,True,5,0.7645766735076904,False,,,False,False,False,False,,IRRELEVANT,HIGH,"Boko Haram rescue, unrelated occurrence",LABELED,False,,99,False,True
A0155,54,Q0055,508137,visual_news/origin/guardian/images/0216/349.jpg,The Medak district of Andhra Pradesh In 15 years selfreliant organisations have empowered more than 12 million women,False,2,508137,visual_news/origin/guardian/images/0216/349.jpg,The Medak district of Andhra Pradesh In 15 years selfreliant organisations have empowered more than 12 million women,Building communities: how poor people are unlocking their own potential,guardian,2013-02-28T07:00:00Z,False,,,True,1,0.2766066789627075,True,True,False,False,,SAME_EVENT,HIGH,byte-identical community illustration; precise occasion unspecified,REVIEW,False,,100,True,True
A0156,54,Q0055,508137,visual_news/origin/guardian/images/0216/349.jpg,The Medak district of Andhra Pradesh In 15 years selfreliant organisations have empowered more than 12 million women,False,2,1454003,visual_news/origin/bbc/images/0002/599.jpg,Sister Valsa John went to Jharkand to work with tribal people,Murdered India activist Sister Valsa John 'was threatened',bbc,2011-11-17T14:05:47Z,False,,,True,2,0.2698958218097687,False,False,False,False,,IRRELEVANT,HIGH,"different region and activist, development theme only",LABELED,False,,98,False,True
A0157,54,Q0055,508137,visual_news/origin/guardian/images/0216/349.jpg,The Medak district of Andhra Pradesh In 15 years selfreliant organisations have empowered more than 12 million women,False,2,177079,visual_news/origin/washington_post/images/0159/090.jpg,Iraqi families are given water as they gather at a Kurdish checkpoint,"Insurgents in northern Iraq seize key cities, advance toward Baghdad",washington_post,2014-06-11T12:49:00Z,False,,,True,4,0.2673738896846771,False,False,False,False,,IRRELEVANT,HIGH,"Iraqi checkpoint, water theme only",LABELED,False,,98,False,True
A0158,54,Q0055,508137,visual_news/origin/guardian/images/0216/349.jpg,The Medak district of Andhra Pradesh In 15 years selfreliant organisations have empowered more than 12 million women,False,2,1546949,visual_news/origin/bbc/images/0229/902.jpg,Ethiopian troops are authorised to bring peace to Abyei where thousands have fled to avoid fighting,Sudan: UN authorises peacekeepers for Abyei,bbc,2011-06-27T17:06:02Z,False,,,True,5,0.25948989391326904,False,False,False,False,,IRRELEVANT,HIGH,"Sudanese conflict displacement, unrelated occurrence",LABELED,False,,99,False,True
A0159,86,Q0087,1049659,visual_news/origin/guardian/images/0665/351.jpg,It s hard to know at first whether Tim Howard of Everton is happy or mad Happy apparently Samuel Eto o had just scored as Everton beat Burnley 31,False,3,772538,visual_news/origin/guardian/images/0589/247.jpg,David James the Bournemouth and former England goalkeeper allowed Swindon a late equaliser after sliding out of his area to clear,David James calamity robs Bournemouth of full points harvest,guardian,2013-01-13T17:37:00Z,True,1,0.6952176094055176,False,,,False,False,False,False,,IRRELEVANT,HIGH,different goalkeeper and match; similar expression only,LABELED,False,,98,False,True
A0160,86,Q0087,1049659,visual_news/origin/guardian/images/0665/351.jpg,It s hard to know at first whether Tim Howard of Everton is happy or mad Happy apparently Samuel Eto o had just scored as Everton beat Burnley 31,False,3,820149,visual_news/origin/guardian/images/0432/513.jpg,Liverpool s Luis Suarez celebrates scoring his sides sixth goal,Luis Suárez hits hat-trick as rampant Liverpool overwhelm Cardiff,guardian,2014-03-22T17:16:01Z,True,2,0.695000171661377,False,,,False,False,False,False,,IRRELEVANT,HIGH,"Liverpool-Cardiff, unrelated teams and fixture",LABELED,False,,98,False,True
A0161,86,Q0087,1049659,visual_news/origin/guardian/images/0665/351.jpg,It s hard to know at first whether Tim Howard of Everton is happy or mad Happy apparently Samuel Eto o had just scored as Everton beat Burnley 31,False,3,1047673,visual_news/origin/guardian/images/0671/117.jpg,Pep Guardiola has denied reports that he is poised to become Manchester City manager next season,Pep Guardiola insists he will remain as Bayern Munich manager next season,guardian,2015-05-11T10:33:11Z,True,3,0.6661383509635925,False,,,False,False,False,False,,IRRELEVANT,HIGH,"Bayern manager, unrelated occurrence",LABELED,False,,98,False,True
A0162,86,Q0087,1049659,visual_news/origin/guardian/images/0665/351.jpg,It s hard to know at first whether Tim Howard of Everton is happy or mad Happy apparently Samuel Eto o had just scored as Everton beat Burnley 31,False,3,1267780,visual_news/origin/guardian/images/0082/068.jpg,Is Theo Walcott doing one to Barcelona,Football transfer rumours: Theo Walcott on his way to Barcelona?,guardian,2015-11-02T08:43:37Z,True,4,0.6628676652908325,False,,,False,False,False,False,,IRRELEVANT,HIGH,"Arsenal player, unrelated occurrence",LABELED,False,,98,False,True
A0163,86,Q0087,1049659,visual_news/origin/guardian/images/0665/351.jpg,It s hard to know at first whether Tim Howard of Everton is happy or mad Happy apparently Samuel Eto o had just scored as Everton beat Burnley 31,False,3,1261985,visual_news/origin/guardian/images/0090/633.jpg,Jo made three appearances for Brazil during the World Cup but failed to find the net,Brazil striker Jô released by Atlético Mineiro for indiscipline,guardian,2014-11-04T09:42:29Z,True,5,0.6572251319885254,False,,,False,False,False,False,,IRRELEVANT,HIGH,"Brazil player, unrelated occurrence",LABELED,False,,98,False,True
A0164,86,Q0087,1049659,visual_news/origin/guardian/images/0665/351.jpg,It s hard to know at first whether Tim Howard of Everton is happy or mad Happy apparently Samuel Eto o had just scored as Everton beat Burnley 31,False,3,1470692,visual_news/origin/bbc/images/0057/474.jpg,The French winger was arrested at about 0315 GMT on Sunday,Leicester City FC's Anthony Knockaert arrested,bbc,2012-12-03T18:41:21Z,False,,,True,1,0.2930643558502197,False,False,False,False,,IRRELEVANT,HIGH,"Leicester player, unrelated occurrence",LABELED,False,,98,False,True
A0165,86,Q0087,1049659,visual_news/origin/guardian/images/0665/351.jpg,It s hard to know at first whether Tim Howard of Everton is happy or mad Happy apparently Samuel Eto o had just scored as Everton beat Burnley 31,False,3,1049659,visual_news/origin/guardian/images/0665/351.jpg,It s hard to know at first whether Tim Howard of Everton is happy or mad Happy apparently Samuel Eto o had just scored as Everton beat Burnley 31,The Dozen: The best photographs from the Premier League this weekend,guardian,2014-10-26T19:21:50Z,False,,,True,2,0.2871952950954437,True,True,False,False,,SAME_EVENT,HIGH,exact query image; trivial Everton-Burnley identity,LABELED,False,,100,False,True
A0166,86,Q0087,1049659,visual_news/origin/guardian/images/0665/351.jpg,It s hard to know at first whether Tim Howard of Everton is happy or mad Happy apparently Samuel Eto o had just scored as Everton beat Burnley 31,False,3,1512942,visual_news/origin/bbc/images/0170/161.jpg,Laurent Louis denies his Stand up Belgians movement is antiSemitic,Belgium ban for 'anti-Semitic' meeting in Anderlecht,bbc,2014-05-04T12:15:30Z,False,,,True,3,0.27279871702194214,False,False,False,False,,IRRELEVANT,HIGH,"Belgian political gathering, unrelated occurrence",LABELED,False,,99,False,True
A0167,86,Q0087,1049659,visual_news/origin/guardian/images/0665/351.jpg,It s hard to know at first whether Tim Howard of Everton is happy or mad Happy apparently Samuel Eto o had just scored as Everton beat Burnley 31,False,3,910227,visual_news/origin/guardian/images/0117/728.jpg,Tottenham Hotspur s Kyle Walker left challenges for the ball with Sheriff Tiraspol s Luvannor Henrique,Tottenham's Jermain Defoe breaks club scoring record in win over Sheriff,guardian,2013-11-07T22:07:58Z,False,,,True,4,0.27098581194877625,False,False,False,False,,IRRELEVANT,HIGH,"Tottenham-Sheriff, unrelated teams and fixture",LABELED,False,,98,False,True
A0168,86,Q0087,1049659,visual_news/origin/guardian/images/0665/351.jpg,It s hard to know at first whether Tim Howard of Everton is happy or mad Happy apparently Samuel Eto o had just scored as Everton beat Burnley 31,False,3,684257,visual_news/origin/guardian/images/0385/765.jpg,Carlo Tavecchio said In Italy let s say there s Opti Poba who has come here who previously was eating bananas and now is a firstteam player for Lazio,Carlo Tavecchio still set for top job in Italian football despite racist comment,guardian,2014-07-29T15:31:56Z,False,,,True,5,0.27043792605400085,False,False,False,False,,IRRELEVANT,HIGH,"Italian football official, unrelated occurrence",LABELED,False,,99,False,True
A0169,24,Q0025,691099,visual_news/origin/guardian/images/0387/493.jpg,John Paul Barry Despite his debut win over Liverpool Alan Pardew knows he s never far away from the chop,False,0,738708,visual_news/origin/guardian/images/0549/466.jpg,A ref blowing for full time when United are behind Inconceivable parps Iain Christie in the second of the Back to the Future efforts,Manchester United's space-time continuum,guardian,2009-09-30T23:06:00Z,True,1,0.6028580665588379,False,,,False,False,False,False,,IRRELEVANT,HIGH,"Ferguson parody, different subject; football satire only",LABELED,False,,96,False,True
A0170,24,Q0025,691099,visual_news/origin/guardian/images/0387/493.jpg,John Paul Barry Despite his debut win over Liverpool Alan Pardew knows he s never far away from the chop,False,0,997506,visual_news/origin/guardian/images/0608/442.jpg,Sir Alex Ferguson the Manchester United manager reacts during Chelsea s 10 defeat of the champions at Stamford Bridge,Sir Alex Ferguson rages at referee after Chelsea grab late goal,guardian,2009-11-08T21:01:09Z,True,2,0.5991341471672058,False,,,False,False,False,False,,IRRELEVANT,HIGH,"Ferguson at Chelsea match, unrelated to Pardew montage",LABELED,False,,98,False,True
A0171,24,Q0025,691099,visual_news/origin/guardian/images/0387/493.jpg,John Paul Barry Despite his debut win over Liverpool Alan Pardew knows he s never far away from the chop,False,0,741574,visual_news/origin/guardian/images/0568/922.jpg,Matt Gilbert thinks Rafael and Arry are a match made in heaven Now try to scrub that image out of your mindPhotomontage na,Rafael van der Vaart,guardian,2010-10-18T23:10:00Z,True,3,0.5961915254592896,False,,,False,False,False,False,,IRRELEVANT,HIGH,different subjects; photomontage format only,LABELED,False,,97,False,True
A0172,24,Q0025,691099,visual_news/origin/guardian/images/0387/493.jpg,John Paul Barry Despite his debut win over Liverpool Alan Pardew knows he s never far away from the chop,False,0,381198,visual_news/origin/usa_today/images/0186/785.jpg,Penn State football coach Joe Paterno right poses with his defensive coordinator Jerry Sandusky in 1999 during the college football team s media day in State College Pa,Sandusky doesn't know if Paterno suspected abuse,usa_today,2013-03-25T12:30:05Z,True,4,0.5954567790031433,True,5,0.2702041268348694,False,False,False,False,,IRRELEVANT,HIGH,"US college coaches, unrelated occurrence",LABELED,False,,99,False,True
A0173,24,Q0025,691099,visual_news/origin/guardian/images/0387/493.jpg,John Paul Barry Despite his debut win over Liverpool Alan Pardew knows he s never far away from the chop,False,0,175950,visual_news/origin/washington_post/images/0397/134.jpg,President Barack Obama speaks at the 113th National Convention of the VFW in Reno Nev Monday July 23 2012,"Obama resumes West Coast swing to court military service members, veterans",washington_post,2012-07-23T18:52:18Z,True,5,0.5868922472000122,False,,,False,False,False,False,,IRRELEVANT,HIGH,"Obama speech, unrelated subject; partially damaged image",LABELED,False,,99,False,True
A0174,24,Q0025,691099,visual_news/origin/guardian/images/0387/493.jpg,John Paul Barry Despite his debut win over Liverpool Alan Pardew knows he s never far away from the chop,False,0,1261027,visual_news/origin/guardian/images/0071/777.jpg,Joe Kinnear has made a turbulent start to his new role as Newcastle s director of football,Joe Kinnear attempts to salvage relationship with Newcastle fans,guardian,2013-06-24T11:49:01Z,False,,,True,1,0.2952933609485626,False,False,False,False,,IRRELEVANT,HIGH,Newcastle affiliation only; query is a satirical montage,REVIEW,False,,91,True,True
A0175,24,Q0025,691099,visual_news/origin/guardian/images/0387/493.jpg,John Paul Barry Despite his debut win over Liverpool Alan Pardew knows he s never far away from the chop,False,0,1523834,visual_news/origin/bbc/images/0256/938.jpg,Peter Robinson at Hillsborough Castle after his hourlong meeting with Theresa Villiers,On The Runs: Peter Robinson gives government deadline,bbc,2014-02-26T23:29:13Z,False,,,True,2,0.28459420800209045,False,False,False,False,,IRRELEVANT,HIGH,"Northern Ireland politician, unrelated occurrence",LABELED,False,,99,False,True
A0176,24,Q0025,691099,visual_news/origin/guardian/images/0387/493.jpg,John Paul Barry Despite his debut win over Liverpool Alan Pardew knows he s never far away from the chop,False,0,1010474,visual_news/origin/guardian/images/0617/978.jpg,Kevin Rudd and Tony Abbott,Public votes with the remote as TV debate beats Australia's Got Talent,guardian,2013-08-12T08:30:33Z,False,,,True,3,0.283493310213089,False,False,False,False,,IRRELEVANT,HIGH,"Australian leaders debate, unrelated occurrence",LABELED,False,,99,False,True
A0177,24,Q0025,691099,visual_news/origin/guardian/images/0387/493.jpg,John Paul Barry Despite his debut win over Liverpool Alan Pardew knows he s never far away from the chop,False,0,465126,visual_news/origin/guardian/images/0825/303.jpg,Paul Lambert has been put out of his misery after failing to halt Aston Villa s collapse in form,Paul Lambert pays the price for his record of failure at Aston Villa,guardian,2015-02-12T00:54:38Z,False,,,True,4,0.2741476595401764,False,False,False,False,,IRRELEVANT,HIGH,different club and manager; dismissal theme only,LABELED,False,,98,False,True
A0178,24,Q0025,691099,visual_news/origin/guardian/images/0387/493.jpg,John Paul Barry Despite his debut win over Liverpool Alan Pardew knows he s never far away from the chop,False,0,691099,visual_news/origin/guardian/images/0387/493.jpg,John Paul Barry Despite his debut win over Liverpool Alan Pardew knows he s never far away from the chop,Mike Ashley,guardian,2010-12-14T00:10:00Z,False,,,False,,,True,True,False,False,,SAME_EVENT,HIGH,byte-identical satire; no literal occurrence depicted,REVIEW,False,,100,True,True
A0179,42,Q0043,152572,visual_news/origin/washington_post/images/0458/495.jpg,Pat Weldon 81 of Virginia Beach gives the thumbs up as she waits to enter the museum,False,1,1466756,visual_news/origin/bbc/images/0090/174.jpg,Joseph Devenney broke into Ms McGregor s house armed with a knife,Man with 12-inch knife broke into OAP's home,bbc,2015-03-04T16:50:20Z,True,1,0.7019408941268921,False,,,False,False,False,False,,IRRELEVANT,HIGH,"crime-related portrait, unrelated to museum visitor",LABELED,False,,99,False,True
A0180,42,Q0043,152572,visual_news/origin/washington_post/images/0458/495.jpg,Pat Weldon 81 of Virginia Beach gives the thumbs up as she waits to enter the museum,False,1,106809,visual_news/origin/washington_post/images/0094/288.jpg,Ray Charles and Shankar share a laugh during a 1998 news conference celebrating their win of the Royal Swedish Academy of Music s Polar Musical Prize,"Ravi Shankar, Grammy-winning Indian sitar virtuoso, dies at 92",washington_post,2012-12-12T05:42:00Z,True,2,0.6665890216827393,False,,,False,False,False,False,,IRRELEVANT,HIGH,"music prize press conference, unrelated occurrence",LABELED,False,,99,False,True
A0181,42,Q0043,152572,visual_news/origin/washington_post/images/0458/495.jpg,Pat Weldon 81 of Virginia Beach gives the thumbs up as she waits to enter the museum,False,1,145077,visual_news/origin/washington_post/images/0507/664.jpg,A Turkana man at a fishing camp on the western shore of Lake Turkana,Portrait of two fishing cultures along the Kenya-Ethiopia border,washington_post,2014-09-29T18:45:13Z,True,3,0.6586326360702515,False,,,False,False,False,False,,IRRELEVANT,HIGH,"Lake Turkana fisher, unrelated occurrence",LABELED,False,,99,False,True
A0182,42,Q0043,152572,visual_news/origin/washington_post/images/0458/495.jpg,Pat Weldon 81 of Virginia Beach gives the thumbs up as she waits to enter the museum,False,1,181608,visual_news/origin/washington_post/images/0467/010.jpg,Welsh s younger brother Nick looks through some of Philip Welsh s writing,Philip Welsh’s simple life hampers search for his killer,washington_post,2014-05-05T23:34:08Z,True,4,0.656140148639679,False,,,False,False,False,False,,IRRELEVANT,HIGH,"murder inquiry writing, unrelated occurrence",LABELED,False,,99,False,True
A0183,42,Q0043,152572,visual_news/origin/washington_post/images/0458/495.jpg,Pat Weldon 81 of Virginia Beach gives the thumbs up as she waits to enter the museum,False,1,284558,visual_news/origin/usa_today/images/0419/780.jpg,A patient knitting at Hendala Leprosy Hospital in Sri Lanka,Leprosy victims live out their lives in Sri Lanka colony,usa_today,2016-03-05T16:33:49Z,True,5,0.6550754308700562,False,,,False,False,False,False,,IRRELEVANT,HIGH,"Sri Lankan hospital resident, unrelated occurrence",LABELED,False,,99,False,True
A0184,42,Q0043,152572,visual_news/origin/washington_post/images/0458/495.jpg,Pat Weldon 81 of Virginia Beach gives the thumbs up as she waits to enter the museum,False,1,1281707,visual_news/origin/guardian/images/0099/334.jpg,And here s Danny DeVito looking like he s having a fine time of it at the California festival,Coachella 2011 in pictures,guardian,2011-04-18T15:09:00Z,False,,,True,1,0.2864956855773926,False,False,False,False,,IRRELEVANT,HIGH,"Coachella attendee, unrelated occurrence",LABELED,False,,98,False,True
A0185,42,Q0043,152572,visual_news/origin/washington_post/images/0458/495.jpg,Pat Weldon 81 of Virginia Beach gives the thumbs up as she waits to enter the museum,False,1,187620,visual_news/origin/washington_post/images/0506/370.jpg,A woman chants progovernment slogans as she holds a portrait of Venezuela s late President Hugo Chavez at a rally of elderly people in Caracas Venezuela,Venezuelan protest leader taken into custody,washington_post,2014-02-18T18:45:00Z,False,,,True,2,0.2846318185329437,False,False,False,False,,IRRELEVANT,HIGH,"Venezuelan rally, unrelated occurrence",LABELED,False,,99,False,True
A0186,42,Q0043,152572,visual_news/origin/washington_post/images/0458/495.jpg,Pat Weldon 81 of Virginia Beach gives the thumbs up as she waits to enter the museum,False,1,364247,visual_news/origin/usa_today/images/0065/898.jpg,Nazareth Guzman 22 leaves the Sierra Maestra polling station above her house after voting for Nicolas Maduro the chosen heir of Hugo Chavez,Maduro wins Venezuela presidency,usa_today,2013-04-14T17:43:25Z,False,,,True,3,0.28301769495010376,False,False,False,False,,IRRELEVANT,HIGH,"Venezuelan voter, unrelated occurrence",LABELED,False,,99,False,True
A0187,42,Q0043,152572,visual_news/origin/washington_post/images/0458/495.jpg,Pat Weldon 81 of Virginia Beach gives the thumbs up as she waits to enter the museum,False,1,1526185,visual_news/origin/bbc/images/0207/370.jpg,Dev Anand was not afraid of tackling bold subjects such as the the hippie culture in the 1970 film Hare Rama Hare Krishna,Dev Anand: Bollywood's first cool hero,bbc,2011-12-04T09:52:43Z,False,,,True,4,0.28078287839889526,False,False,False,False,,IRRELEVANT,HIGH,"film still, unrelated occurrence",LABELED,False,,99,False,True
A0188,42,Q0043,152572,visual_news/origin/washington_post/images/0458/495.jpg,Pat Weldon 81 of Virginia Beach gives the thumbs up as she waits to enter the museum,False,1,82128,visual_news/origin/washington_post/images/0000/721.jpg,Fans take a Patsy Cline town history tour in Winchester,Patsy Cline house to open in Va.,washington_post,2011-07-27T15:39:13Z,False,,,True,5,0.2797224521636963,False,False,False,False,,IRRELEVANT,HIGH,different museum and visitors; museum theme only,LABELED,False,,97,False,True
A0189,42,Q0043,152572,visual_news/origin/washington_post/images/0458/495.jpg,Pat Weldon 81 of Virginia Beach gives the thumbs up as she waits to enter the museum,False,1,152572,visual_news/origin/washington_post/images/0458/495.jpg,Pat Weldon 81 of Virginia Beach gives the thumbs up as she waits to enter the museum,A pre-Civil War haven for free blacks is now honored in the African American Museum,washington_post,2016-09-25T23:24:00Z,False,,,False,,,True,True,False,False,,SAME_EVENT,HIGH,exact query image; trivial African American Museum visit identity,LABELED,False,,100,False,True
A0190,58,Q0059,244198,visual_news/origin/usa_today/images/0163/375.jpg,At Animal in Los Angeles offal is the focus think dishes such as veal brains with Vadouvan curry,False,2,799250,visual_news/origin/guardian/images/0408/515.jpg,Roast bone marrow and parsley salad a signature dish at pioneering British restaurant St John,Whatever happened to the British food revival?,guardian,2014-08-14T11:45:26Z,True,1,0.7372390627861023,True,1,0.3013153076171875,False,False,False,False,,IRRELEVANT,HIGH,different restaurant and dish; offal topic only,LABELED,False,,95,False,True
A0191,58,Q0059,244198,visual_news/origin/usa_today/images/0163/375.jpg,At Animal in Los Angeles offal is the focus think dishes such as veal brains with Vadouvan curry,False,2,82790,visual_news/origin/washington_post/images/0041/220.jpg,Chef Nick Stefanelli at Masseria Once you become a chef you do nt wear a hat anymore,The dilemma of every cool dude chef: Beards are in; beard nets aren’t.,washington_post,2016-06-17T14:00:36Z,True,2,0.7269201278686523,False,,,False,False,False,False,,IRRELEVANT,HIGH,"Masseria chef, unrelated to Animal dish",LABELED,False,,98,False,True
A0192,58,Q0059,244198,visual_news/origin/usa_today/images/0163/375.jpg,At Animal in Los Angeles offal is the focus think dishes such as veal brains with Vadouvan curry,False,2,369120,visual_news/origin/usa_today/images/0087/196.jpg,Pair a German beer tour and Stein Hoisting Competition with German food specials including a wurst sampler giant schnitzel crispy fritters and Berliner,10 Oktoberfest beers to try this year,usa_today,2016-09-30T02:04:48Z,True,3,0.7250148057937622,False,,,False,False,False,False,,IRRELEVANT,HIGH,"Oktoberfest sausages, unrelated restaurant context",LABELED,False,,97,False,True
A0193,58,Q0059,244198,visual_news/origin/usa_today/images/0163/375.jpg,At Animal in Los Angeles offal is the focus think dishes such as veal brains with Vadouvan curry,False,2,76858,visual_news/origin/washington_post/images/0542/836.jpg,Pineapple and Pearls is a strong contender for receiving a Michelin star,These are the D.C. restaurants that insiders predict will get Michelin stars,washington_post,2016-10-10T17:00:47Z,True,4,0.7114306688308716,False,,,False,False,False,False,,IRRELEVANT,HIGH,"Pineapple and Pearls dining, unrelated restaurant",LABELED,False,,98,False,True
A0194,58,Q0059,244198,visual_news/origin/usa_today/images/0163/375.jpg,At Animal in Los Angeles offal is the focus think dishes such as veal brains with Vadouvan curry,False,2,437745,visual_news/origin/usa_today/images/0615/391.jpg,After garnishing the cheddar toast at Five Points Bakery and Toast Cafe is like having Buffalo chicken wings for breakfast,"Food pilgrimage: Buffalo wings in Buffalo, part 2",usa_today,2015-09-17T11:56:01Z,True,5,0.7045459747314453,False,,,False,False,False,False,,IRRELEVANT,HIGH,"Buffalo toast, unrelated restaurant and dish",LABELED,False,,97,False,True
A0195,58,Q0059,244198,visual_news/origin/usa_today/images/0163/375.jpg,At Animal in Los Angeles offal is the focus think dishes such as veal brains with Vadouvan curry,False,2,1481894,visual_news/origin/bbc/images/0027/043.jpg,Glynn Purnell has used scratchings in dishes at his Michelin starred restaurant,Are pork scratchings going posh?,bbc,2015-06-20T02:37:26Z,False,,,True,2,0.2953551709651947,False,False,False,False,,IRRELEVANT,HIGH,"Purnell portrait, different chef and restaurant",LABELED,False,,96,False,True
A0196,58,Q0059,244198,visual_news/origin/usa_today/images/0163/375.jpg,At Animal in Los Angeles offal is the focus think dishes such as veal brains with Vadouvan curry,False,2,244198,visual_news/origin/usa_today/images/0163/375.jpg,At Animal in Los Angeles offal is the focus think dishes such as veal brains with Vadouvan curry,10 'Bizarre Foods' you can try in America,usa_today,2016-06-21T10:51:02Z,False,,,True,3,0.2706954777240753,True,True,False,False,,SAME_EVENT,HIGH,byte-identical dish illustration; precise occasion unspecified,REVIEW,False,,100,True,True
A0197,58,Q0059,244198,visual_news/origin/usa_today/images/0163/375.jpg,At Animal in Los Angeles offal is the focus think dishes such as veal brains with Vadouvan curry,False,2,397809,visual_news/origin/usa_today/images/0126/430.jpg,Chartreuse serves a range of soups salads seafood meat dishes and pasta all with a French flair,5 things you need to know Wednesday,usa_today,2016-07-13T07:39:29Z,False,,,True,4,0.2700580060482025,False,False,False,False,,IRRELEVANT,HIGH,"Chartreuse interior, unrelated restaurant",LABELED,False,,98,False,True
A0198,58,Q0059,244198,visual_news/origin/usa_today/images/0163/375.jpg,At Animal in Los Angeles offal is the focus think dishes such as veal brains with Vadouvan curry,False,2,157470,visual_news/origin/washington_post/images/0013/059.jpg,Chef Seng Luangrath s Thip Khao is in the running for Bon Appetit s best new restaurants of 2015,D.C.’s Thip Khao is a nominee for Bon Appetit’s best new restaurants list,washington_post,2015-08-04T18:45:01Z,False,,,True,5,0.2699241042137146,False,False,False,False,,IRRELEVANT,HIGH,"Thip Khao chef, unrelated restaurant and dish",LABELED,False,,98,False,True
A0199,182,Q0183,94141,visual_news/origin/washington_post/images/0292/333.jpg,David Cameron arrives at Corsham school in Wiltshire to kick off the Tories general election campaign,True,3,575710,visual_news/origin/guardian/images/0295/826.jpg,David Cameron is playing an active role in Europe s response to Russian aggression says Downing Street,Downing Street denies Cameron is ‘diplomatic irrelevance’ in Ukraine talks,guardian,2015-02-06T13:28:51Z,True,1,0.9469726085662842,True,2,0.3137039840221405,False,False,False,False,,RELATED_DIFFERENT_EVENT,MEDIUM,"same person, different setting; archive occasion unverified",REVIEW,True,Original caption gives no capture occasion: https://www.theguardian.com/politics/2015/feb/06/downing-street-denies-david-cameron-diplomatic-irrelevance-ukraine-talks,78,True,True
A0200,182,Q0183,94141,visual_news/origin/washington_post/images/0292/333.jpg,David Cameron arrives at Corsham school in Wiltshire to kick off the Tories general election campaign,True,3,116857,visual_news/origin/washington_post/images/0577/539.jpg,British Prime Minister David Cameron reacts as he departs 10 Downing Street enroute to the Houses of Parliament in central London on June 27 2016,‘The decision must be accepted': Read British prime minister’s full speech to Parliament on Brexit vote,washington_post,2016-06-27T18:04:10Z,True,2,0.9417598247528076,False,,,False,False,False,False,,RELATED_DIFFERENT_EVENT,HIGH,"same person, 2016 Downing Street departure versus Birmingham speech",LABELED,False,,98,False,True
A0201,182,Q0183,94141,visual_news/origin/washington_post/images/0292/333.jpg,David Cameron arrives at Corsham school in Wiltshire to kick off the Tories general election campaign,True,3,1651116,visual_news/origin/bbc/images/0427/172.jpg,David Cameron said Sir Malcolm could put this distressing episode behind him,Sir Malcolm Rifkind and Jack Straw 'did not break lobbying rules',bbc,2015-09-17T15:54:37Z,True,3,0.9275637865066528,False,,,False,False,False,False,,RELATED_DIFFERENT_EVENT,MEDIUM,Downing Street portrait; precise capture occasion unresolved,REVIEW,True,"BBC supplies a generic caption, not the photo occasion: https://www.bbc.co.uk/news/uk-politics-34279476",82,True,True
A0202,182,Q0183,94141,visual_news/origin/washington_post/images/0292/333.jpg,David Cameron arrives at Corsham school in Wiltshire to kick off the Tories general election campaign,True,3,183954,visual_news/origin/washington_post/images/0516/222.jpg,David Cameron British prime minister and leader of the Conservative Party departs Downing Street for Buckingham Palace in London following the election,British immigrants decry being made scapegoats in election campaign,washington_post,2015-05-06T17:00:33Z,True,4,0.9088134169578552,False,,,False,False,False,False,,RELATED_DIFFERENT_EVENT,HIGH,"same person, Palace departure versus school speech",LABELED,False,,95,False,True
A0203,182,Q0183,94141,visual_news/origin/washington_post/images/0292/333.jpg,David Cameron arrives at Corsham school in Wiltshire to kick off the Tories general election campaign,True,3,1038047,visual_news/origin/guardian/images/0643/674.jpg,David Cameron is expected to appear at Downing Street to outline constitutional reforms in the wake of the Scotland referendum result,Scottish referendum: David Cameron and the Queen seek to ease tensions,guardian,2014-09-19T00:52:49Z,True,5,0.8959070444107056,True,5,0.30357494950294495,False,False,False,False,,RELATED_DIFFERENT_EVENT,MEDIUM,different speech setting; archive occasion unverified,REVIEW,True,Original caption does not date the pictured speech: https://www.theguardian.com/politics/2014/sep/19/scotland-independence-david-cameron-queen-address-tension,77,True,True
A0204,182,Q0183,94141,visual_news/origin/washington_post/images/0292/333.jpg,David Cameron arrives at Corsham school in Wiltshire to kick off the Tories general election campaign,True,3,1518672,visual_news/origin/bbc/images/0205/365.jpg,David Cameron has previously said the EU would not work unless it could show flexibility,EU referendum: 'No' campaign group attacks rival,bbc,2015-10-01T16:17:19Z,False,,,True,1,0.3208466172218323,False,False,False,False,,RELATED_DIFFERENT_EVENT,HIGH,different press setting; precise occasion unverified,REVIEW,True,BBC/archive search did not establish the pictured press occasion: https://www.bbc.co.uk/news/uk-politics-34409264,92,True,True
A0205,182,Q0183,94141,visual_news/origin/washington_post/images/0292/333.jpg,David Cameron arrives at Corsham school in Wiltshire to kick off the Tories general election campaign,True,3,1473577,visual_news/origin/bbc/images/0024/740.jpg,Prime Minister David Cameron announced the measures during a speech in Australia,Downing Street presses ISPs over 'jihad reporting' button,bbc,2014-11-14T16:07:33Z,False,,,True,3,0.3070860207080841,False,False,False,False,,RELATED_DIFFERENT_EVENT,HIGH,"same person, Australian speech versus Birmingham speech",LABELED,False,,97,False,True
A0206,182,Q0183,94141,visual_news/origin/washington_post/images/0292/333.jpg,David Cameron arrives at Corsham school in Wiltshire to kick off the Tories general election campaign,True,3,1592321,visual_news/origin/bbc/images/0276/498.jpg,David Cameron and Francois Hollande held talks on Thursday,EU referendum: Duncan Smith attacks Remain 'smears',bbc,2016-03-04T10:42:27Z,False,,,True,4,0.3044867515563965,False,False,False,False,,RELATED_DIFFERENT_EVENT,HIGH,"same person, Hollande summit versus school speech",LABELED,False,,96,False,True
A0207,182,Q0183,94141,visual_news/origin/washington_post/images/0292/333.jpg,David Cameron arrives at Corsham school in Wiltshire to kick off the Tories general election campaign,True,3,94141,visual_news/origin/washington_post/images/0292/333.jpg,British Prime Minister David Cameron at Ninestiles Academy in Birmingham central England on July 20,"To reduce bias, U.K. companies and universities will start hiding applicant names",washington_post,2015-10-27T14:20:05Z,False,,,False,,,True,True,False,False,,SAME_EVENT,HIGH,exact query image; July speech reused in October article,LABELED,False,,100,False,True
A0208,145,Q0146,657961,visual_news/origin/guardian/images/0354/172.jpg,Labor leader Bill Shorten and his deputy Tanya Plibersek leave St Mary s cathedral in Sydney on Sunday,True,1,468875,visual_news/origin/guardian/images/0832/668.jpg,Tony Abbott in Canberra on Tuesday He says Canberra s relationship with Jakarta is getting stronger all the time,Tony Abbott accuses media of 'promoting discord' with Indonesia,guardian,2015-06-16T01:20:36Z,True,1,0.85623699426651,True,3,0.29477769136428833,False,False,False,False,,RELATED_DIFFERENT_EVENT,HIGH,"same politician, Canberra remarks versus Perth conference",LABELED,False,,96,False,True
A0209,145,Q0146,657961,visual_news/origin/guardian/images/0354/172.jpg,Labor leader Bill Shorten and his deputy Tanya Plibersek leave St Mary s cathedral in Sydney on Sunday,True,1,1010474,visual_news/origin/guardian/images/0617/978.jpg,Kevin Rudd and Tony Abbott,Public votes with the remote as TV debate beats Australia's Got Talent,guardian,2013-08-12T08:30:33Z,True,2,0.8148121237754822,True,5,0.2840726375579834,False,False,False,False,,RELATED_DIFFERENT_EVENT,HIGH,"same politician, Rudd debate versus Perth conference",LABELED,False,,97,False,True
A0210,145,Q0146,657961,visual_news/origin/guardian/images/0354/172.jpg,Labor leader Bill Shorten and his deputy Tanya Plibersek leave St Mary s cathedral in Sydney on Sunday,True,1,941537,visual_news/origin/guardian/images/0169/333.jpg,Tony Abbott speaking to media in Darwin,Senior ministers rally around Tony Abbott after more damaging leaks,guardian,2015-02-21T23:17:53Z,True,3,0.7557966709136963,False,,,False,False,False,False,,RELATED_DIFFERENT_EVENT,HIGH,"same politician, Darwin media appearance versus Perth conference",LABELED,False,,96,False,True
A0211,145,Q0146,657961,visual_news/origin/guardian/images/0354/172.jpg,Labor leader Bill Shorten and his deputy Tanya Plibersek leave St Mary s cathedral in Sydney on Sunday,True,1,1473577,visual_news/origin/bbc/images/0024/740.jpg,Prime Minister David Cameron announced the measures during a speech in Australia,Downing Street presses ISPs over 'jihad reporting' button,bbc,2014-11-14T16:07:33Z,True,4,0.7404504418373108,False,,,False,False,False,False,,IRRELEVANT,HIGH,different leader and speech; politics topic only,LABELED,False,,99,False,True
A0212,145,Q0146,657961,visual_news/origin/guardian/images/0354/172.jpg,Labor leader Bill Shorten and his deputy Tanya Plibersek leave St Mary s cathedral in Sydney on Sunday,True,1,541839,visual_news/origin/guardian/images/0243/572.jpg,David Cameron with Angela Merkel at a previous EU summit in Brussels,David Cameron to demand EU treaty reform to 'save' City of London,guardian,2014-01-15T22:19:22Z,True,5,0.714837372303009,False,,,False,False,False,False,,IRRELEVANT,HIGH,"Cameron-Merkel EU summit, unrelated occurrence",LABELED,False,,99,False,True
A0213,145,Q0146,657961,visual_news/origin/guardian/images/0354/172.jpg,Labor leader Bill Shorten and his deputy Tanya Plibersek leave St Mary s cathedral in Sydney on Sunday,True,1,657961,visual_news/origin/guardian/images/0354/172.jpg,Tony Abbott and foreign minister Julie Bishop speak at the WA Liberals conference in Perth,Tony Abbott attempts to shift focus to carbon tax as new parliament opens,guardian,2013-11-10T20:52:59Z,False,,,True,1,0.35852405428886414,True,True,False,False,,SAME_EVENT,HIGH,exact query image; trivial Perth conference identity,LABELED,False,,100,False,True
A0214,145,Q0146,657961,visual_news/origin/guardian/images/0354/172.jpg,Labor leader Bill Shorten and his deputy Tanya Plibersek leave St Mary s cathedral in Sydney on Sunday,True,1,1075904,visual_news/origin/guardian/images/0684/481.jpg,The former PM has secured a lucrative new speaker deal with hedge fund Lansdowne Partners,Tony Blair to boost earnings as paid speaker for Mayfair hedge fund,guardian,2010-01-25T20:20:18Z,False,,,True,2,0.2990402579307556,False,False,False,False,,IRRELEVANT,HIGH,"Tony Blair, unrelated person and occurrence",LABELED,False,,99,False,True
A0215,145,Q0146,657961,visual_news/origin/guardian/images/0354/172.jpg,Labor leader Bill Shorten and his deputy Tanya Plibersek leave St Mary s cathedral in Sydney on Sunday,True,1,454153,visual_news/origin/guardian/images/0806/373.jpg,Angela Merkel gave the annual Lowy lecture in Sydney addressing a highpowered audience dotted with business leaders former prime ministers and diplomatic officials,Angela Merkel pressures Australia to reveal its greenhouse gas targets,guardian,2014-11-17T05:07:33Z,False,,,True,4,0.2841375768184662,False,False,False,False,,IRRELEVANT,HIGH,"Merkel Lowy lecture, unrelated to Perth conference",LABELED,False,,98,False,True
A0216,1,Q0002,123298,visual_news/origin/washington_post/images/0102/650.jpg,Detail of an early20th century kitchen stove on display at the Tri River Pioneer Museum in Plummer Minn,False,0,271745,visual_news/origin/usa_today/images/0030/308.jpg,The Dining Room has Victorianinfluenced fittings and fixtures,First look: New Mississippi paddle wheeler American Eagle,usa_today,2015-05-12T08:37:16Z,True,1,0.5918904542922974,False,,,False,False,False,False,,IRRELEVANT,HIGH,"ship interior, decorative resemblance only",LABELED,False,,98,False,True
A0217,1,Q0002,123298,visual_news/origin/washington_post/images/0102/650.jpg,Detail of an early20th century kitchen stove on display at the Tri River Pioneer Museum in Plummer Minn,False,0,322405,visual_news/origin/usa_today/images/0534/006.jpg,The Postal Service will end Saturday delivery for first class mail this summer Postmaster General Patrick Donahue said Wednesday,Could door-to-door Postal Service delivery end soon?,usa_today,2013-07-24T00:17:26Z,True,2,0.5640035271644592,False,,,False,False,False,False,,IRRELEVANT,HIGH,"mail slot, object resemblance only",LABELED,False,,99,False,True
A0218,1,Q0002,123298,visual_news/origin/washington_post/images/0102/650.jpg,Detail of an early20th century kitchen stove on display at the Tri River Pioneer Museum in Plummer Minn,False,0,303698,visual_news/origin/usa_today/images/0237/667.jpg,California Drive your car through the Chandelier Tree in Northern California a 315foot tall redwood tree,Best of 2015: Idyllic and picturesque towns in each state,usa_today,2015-10-23T12:02:53Z,True,3,0.5446339845657349,False,,,False,False,False,False,,IRRELEVANT,HIGH,"California tree, unrelated tourist attraction",LABELED,False,,99,False,True
A0219,1,Q0002,123298,visual_news/origin/washington_post/images/0102/650.jpg,Detail of an early20th century kitchen stove on display at the Tri River Pioneer Museum in Plummer Minn,False,0,62531,visual_news/origin/washington_post/images/0110/194.jpg,Jack White s Lazzaretto being pressed at United Record Pressing in Nashvill,Pressing plants feel the strain with vinyl records back in the groove,washington_post,2014-09-26T16:54:57Z,True,4,0.5430543422698975,False,,,False,False,False,False,,IRRELEVANT,HIGH,"vinyl pressing, circular-label resemblance only",LABELED,False,,98,False,True
A0220,1,Q0002,123298,visual_news/origin/washington_post/images/0102/650.jpg,Detail of an early20th century kitchen stove on display at the Tri River Pioneer Museum in Plummer Minn,False,0,396745,visual_news/origin/usa_today/images/0174/260.jpg,Jars of legal recreational marijuana sit on the shelf of a Denver pot shop A new study says nearly 60 of Americans now support marijuana legalization,Poll says marijuana legalization support nears 60%,usa_today,2015-10-21T18:22:08Z,True,5,0.542351245880127,False,,,False,False,False,False,,IRRELEVANT,HIGH,"cannabis jars, unrelated objects and context",LABELED,False,,99,False,True
A0221,1,Q0002,123298,visual_news/origin/washington_post/images/0102/650.jpg,Detail of an early20th century kitchen stove on display at the Tri River Pioneer Museum in Plummer Minn,False,0,123298,visual_news/origin/washington_post/images/0102/650.jpg,Detail of an early20th century kitchen stove on display at the Tri River Pioneer Museum in Plummer Minn,I called this place ‘America’s worst place to live.’ Then I went there.,washington_post,2015-09-03T13:50:31Z,False,,,True,1,0.28668707609176636,True,True,False,False,,SAME_EVENT,HIGH,byte-identical museum object; occurrence granularity needs confirmation,REVIEW,False,,100,True,True
A0222,1,Q0002,123298,visual_news/origin/washington_post/images/0102/650.jpg,Detail of an early20th century kitchen stove on display at the Tri River Pioneer Museum in Plummer Minn,False,0,1644238,visual_news/origin/bbc/images/0525/450.jpg,Witherspoon plays an author who decides to hike more than 1000 miles along the Pacific Crest Trail,Toronto Film Festival 2014: Reporter's diary - Part 2,bbc,2014-09-15T12:43:01Z,False,,,True,2,0.2480381578207016,False,False,False,False,,IRRELEVANT,HIGH,"film still hiking, unrelated occurrence",LABELED,False,,99,False,True
A0223,1,Q0002,123298,visual_news/origin/washington_post/images/0102/650.jpg,Detail of an early20th century kitchen stove on display at the Tri River Pioneer Museum in Plummer Minn,False,0,1546489,visual_news/origin/bbc/images/0246/641.jpg,Topsy specialises in plumbing Twitter data to track user sentiment towards brands like Apple,Apple buys social media analytics firm Topsy Labs,bbc,2013-12-03T04:43:43Z,False,,,True,3,0.2443758100271225,False,False,False,False,,IRRELEVANT,HIGH,"analytics graph, unrelated context",LABELED,False,,99,False,True
A0224,1,Q0002,123298,visual_news/origin/washington_post/images/0102/650.jpg,Detail of an early20th century kitchen stove on display at the Tri River Pioneer Museum in Plummer Minn,False,0,262018,visual_news/origin/usa_today/images/0632/189.jpg,Many state government emails released over the Flint water crisis have subject headings claiming they are exempt from FOIA,Flint water emails written to stay secret,usa_today,2016-03-14T11:50:59Z,False,,,True,4,0.2385549545288086,False,False,False,False,,IRRELEVANT,HIGH,"Flint email, unrelated context",LABELED,False,,99,False,True
A0225,1,Q0002,123298,visual_news/origin/washington_post/images/0102/650.jpg,Detail of an early20th century kitchen stove on display at the Tri River Pioneer Museum in Plummer Minn,False,0,1625383,visual_news/origin/bbc/images/0319/193.jpg,HEI reports last year highlighted contamination of patient equipment at Hairmyres Hospital,Improvements at Hairmyres Hospital after hygiene concerns,bbc,2015-03-11T14:02:21Z,False,,,True,5,0.23561851680278778,False,False,False,False,,IRRELEVANT,HIGH,"hospital equipment collage, unrelated objects",LABELED,False,,99,False,True
A0226,36,Q0037,1176910,visual_news/origin/guardian/images/0778/706.jpg,An injured rebel fighter is taken to an ambulance near Sirte where Gaddafi loyalists are mounting stiff resistance,False,1,1600516,visual_news/origin/bbc/images/0295/411.jpg,Many Afghan civilians are injured and killed as a result of roadside bombs laid by the Taliban,US fails to probe Afghan civilian deaths - Amnesty report,bbc,2014-08-11T12:00:37Z,True,1,0.779075026512146,False,,,False,False,False,False,,IRRELEVANT,HIGH,"Afghan civilian casualty, different conflict and incident",LABELED,False,,96,False,True
A0227,36,Q0037,1176910,visual_news/origin/guardian/images/0778/706.jpg,An injured rebel fighter is taken to an ambulance near Sirte where Gaddafi loyalists are mounting stiff resistance,False,1,1582049,visual_news/origin/bbc/images/0390/744.jpg,Israeli plainclothes police officers make an arrest after Friday Prayers in East Jerusalem,Gaza conflict deaths pass 800 as Kerry pushes ceasefire,bbc,2014-07-25T17:00:54Z,True,2,0.7662932872772217,False,,,False,False,False,False,,IRRELEVANT,HIGH,"Jerusalem arrest, different conflict and occurrence",LABELED,False,,98,False,True
A0228,36,Q0037,1176910,visual_news/origin/guardian/images/0778/706.jpg,An injured rebel fighter is taken to an ambulance near Sirte where Gaddafi loyalists are mounting stiff resistance,False,1,128590,visual_news/origin/washington_post/images/0425/836.jpg,Bodies described as being those of Saddam Hussein s sons Uday,"Iraq, a decade after U.S. invasion, torn between progress and chaos",washington_post,2013-03-18T20:13:00Z,True,3,0.755547046661377,False,,,False,False,False,False,,IRRELEVANT,HIGH,"Iraq bodies, different people and conflict",LABELED,False,,99,False,True
A0229,36,Q0037,1176910,visual_news/origin/guardian/images/0778/706.jpg,An injured rebel fighter is taken to an ambulance near Sirte where Gaddafi loyalists are mounting stiff resistance,False,1,118995,visual_news/origin/washington_post/images/0583/957.jpg,Turkish riot police arrest Kurdish protesters during a demonstration in Sanliurfa in the Suruc district Turkey,"Turkey breaks up crowds at Syrian frontier protesting Islamic State, border closings",washington_post,2014-09-22T11:44:00Z,True,4,0.7307963967323303,False,,,False,False,False,False,,IRRELEVANT,HIGH,"Turkish protest arrest, unrelated occurrence",LABELED,False,,98,False,True
A0230,36,Q0037,1176910,visual_news/origin/guardian/images/0778/706.jpg,An injured rebel fighter is taken to an ambulance near Sirte where Gaddafi loyalists are mounting stiff resistance,False,1,482570,visual_news/origin/guardian/images/0839/431.jpg,Caracas Venezuela Opponents of Hugo Chavez take cover from teargas during clashes with police,24 hours in pictures,guardian,2009-08-23T14:41:10Z,True,5,0.7300976514816284,False,,,False,False,False,False,,IRRELEVANT,HIGH,"Venezuelan protest, unrelated conflict",LABELED,False,,99,False,True
A0231,36,Q0037,1176910,visual_news/origin/guardian/images/0778/706.jpg,An injured rebel fighter is taken to an ambulance near Sirte where Gaddafi loyalists are mounting stiff resistance,False,1,1176910,visual_news/origin/guardian/images/0778/706.jpg,An injured rebel fighter is taken to an ambulance near Sirte where Gaddafi loyalists are mounting stiff resistance,Gaddafi loyalists stage desperate defence in stronghold of Sirte,guardian,2011-09-17T18:34:11Z,False,,,True,1,0.3238782286643982,True,True,False,False,,SAME_EVENT,HIGH,exact query image; trivial Sirte casualty identity,LABELED,False,,100,False,True
A0232,36,Q0037,1176910,visual_news/origin/guardian/images/0778/706.jpg,An injured rebel fighter is taken to an ambulance near Sirte where Gaddafi loyalists are mounting stiff resistance,False,1,424442,visual_news/origin/usa_today/images/0594/041.jpg,A lawyer helps his injured fellow at the scene of a bomb blast in restive Quetta Pakistan,Scores dead in bombing outside Pakistan hospital ,usa_today,2016-08-08T05:56:38Z,False,,,True,2,0.29794299602508545,False,False,False,False,,IRRELEVANT,HIGH,"Quetta bombing, different incident and country",LABELED,False,,97,False,True
A0233,36,Q0037,1176910,visual_news/origin/guardian/images/0778/706.jpg,An injured rebel fighter is taken to an ambulance near Sirte where Gaddafi loyalists are mounting stiff resistance,False,1,1619619,visual_news/origin/bbc/images/0367/943.jpg,Gaza continued to bury its dead on Friday These mourners were at a funeral in Beit Hanoun,Gaza conflict: Israel rejects truce 'as it stands',bbc,2014-07-25T21:47:47Z,False,,,True,3,0.2899504005908966,False,False,False,False,,IRRELEVANT,HIGH,"Gaza funeral, different conflict and occurrence",LABELED,False,,97,False,True
A0234,36,Q0037,1176910,visual_news/origin/guardian/images/0778/706.jpg,An injured rebel fighter is taken to an ambulance near Sirte where Gaddafi loyalists are mounting stiff resistance,False,1,177676,visual_news/origin/washington_post/images/0322/504.jpg,Afghans move an injured victim to a hospital in Kabul,Car bomb outside Afghanistan’s Supreme Court kills 17,washington_post,2013-06-11T13:40:00Z,False,,,True,4,0.2851325273513794,False,False,False,False,,IRRELEVANT,HIGH,"Kabul car bombing, different incident and country",LABELED,False,,97,False,True
A0235,36,Q0037,1176910,visual_news/origin/guardian/images/0778/706.jpg,An injured rebel fighter is taken to an ambulance near Sirte where Gaddafi loyalists are mounting stiff resistance,False,1,1634608,visual_news/origin/bbc/images/0439/445.jpg,Palestinians inspect an unexploded Israeli shell on a road in Gaza nearly 100 Palestinians died on Friday,Gaza conflict: Hamas denies holding Israeli soldier,bbc,2014-08-02T00:38:17Z,False,,,True,5,0.27436789870262146,False,False,False,False,,IRRELEVANT,HIGH,"Gaza shell, different conflict and occurrence",LABELED,False,,97,False,True
A0236,106,Q0107,398059,visual_news/origin/usa_today/images/0678/518.jpg,Mia Wasikowska nominated for best actress for Tracks arrives,True,0,278237,visual_news/origin/usa_today/images/0049/580.jpg,Jennifer Lawrence in London on May 9 2016,Why men make more than women in Hollywood,usa_today,2016-08-25T18:58:57Z,True,1,0.8125177025794983,False,,,False,False,False,False,,RELATED_DIFFERENT_EVENT,HIGH,"same actress, London 2016 versus Golden Globes 2014",LABELED,False,,98,False,True
A0237,106,Q0107,398059,visual_news/origin/usa_today/images/0678/518.jpg,Mia Wasikowska nominated for best actress for Tracks arrives,True,0,66895,visual_news/origin/washington_post/images/0550/295.jpg,Patricia Arquette accepts the award for Best Actress in a Supporting Role on Sunday at the Dolby Theatre in Los Angeles,Hollywood’s frayed relationship with the left,washington_post,2015-02-24T14:46:37Z,True,2,0.7868399024009705,True,5,0.29274049401283264,False,False,False,False,,IRRELEVANT,HIGH,different actress and Oscars ceremony; awards topic only,LABELED,False,,98,False,True
A0238,106,Q0107,398059,visual_news/origin/usa_today/images/0678/518.jpg,Mia Wasikowska nominated for best actress for Tracks arrives,True,0,1027667,visual_news/origin/guardian/images/0647/289.jpg,Nicole Kidman surveys the scene below the stairs before entering the Grand Theatre Lumiere for a screening of Grace of Monaco,Cannes 2014: Grace of Monaco red carpet premiere,guardian,2014-05-14T18:30:52Z,True,3,0.7784150838851929,False,,,False,False,False,False,,IRRELEVANT,HIGH,different actress and Cannes premiere,LABELED,False,,98,False,True
A0239,106,Q0107,398059,visual_news/origin/usa_today/images/0678/518.jpg,Mia Wasikowska nominated for best actress for Tracks arrives,True,0,117471,visual_news/origin/washington_post/images/0551/156.jpg,Actress Amy Adams accepts her best actress award at the 2014 Golden Globes She was the quickest winner to the stage,People walking to the stage took up 10% of the Golden Globes broadcast,washington_post,2014-01-13T18:35:10Z,True,4,0.7720010876655579,False,,,False,False,False,False,,SAME_EVENT,HIGH,same 2014 Golden Globes ceremony; official winners gallery confirms,LABELED,True,Official gallery shows Adams and Lawrence at the 71st ceremony: https://goldenglobes.com/photo-gallery/telecast-winners-71st-annual-golden-globes/,98,False,True
A0240,106,Q0107,398059,visual_news/origin/usa_today/images/0678/518.jpg,Mia Wasikowska nominated for best actress for Tracks arrives,True,0,214570,visual_news/origin/usa_today/images/0263/172.jpg,What s Cate got planned for the big day Judging from her Academy luncheon dress she s in a futuristic state of mind,Cate Blanchett: I've had 'many' women lovers,usa_today,2015-05-13T12:49:36Z,True,5,0.7672909498214722,False,,,False,False,False,False,,IRRELEVANT,HIGH,different actress and Academy luncheon,LABELED,False,,98,False,True
A0241,106,Q0107,398059,visual_news/origin/usa_today/images/0678/518.jpg,Mia Wasikowska nominated for best actress for Tracks arrives,True,0,398059,visual_news/origin/usa_today/images/0678/518.jpg,Jennifer Lawrence holds her Golden Globe honor after winning for American Hustle,"'Hustle,' '12 Years' take top honors at Golden Globes",usa_today,2014-01-12T23:19:00Z,False,,,True,1,0.33569908142089844,True,True,False,False,,SAME_EVENT,HIGH,exact query image; trivial Golden Globes identity,LABELED,False,,100,False,True
A0242,106,Q0107,398059,visual_news/origin/usa_today/images/0678/518.jpg,Mia Wasikowska nominated for best actress for Tracks arrives,True,0,934208,visual_news/origin/guardian/images/0136/296.jpg,Mia Wasikowska nominated for best actress for Tracks arrives,Aacta awards 2015: Australian stars on the red carpet,guardian,2015-01-30T02:34:44Z,False,,,True,2,0.3110145926475525,False,False,False,False,,IRRELEVANT,HIGH,different actress and AACTA ceremony,LABELED,False,,98,False,True
A0243,106,Q0107,398059,visual_news/origin/usa_today/images/0678/518.jpg,Mia Wasikowska nominated for best actress for Tracks arrives,True,0,268144,visual_news/origin/usa_today/images/0514/448.jpg,Hunger Games star Willow Shield will be the youngest celebrity competitor to date on ABC s Dancing with the Stars,Who's on 'Dancing's' 20th season?,usa_today,2015-02-24T13:59:11Z,False,,,True,3,0.29927247762680054,False,False,False,False,,IRRELEVANT,HIGH,different actress and appearance; shared film franchise only,LABELED,False,,98,False,True
A0244,106,Q0107,398059,visual_news/origin/usa_today/images/0678/518.jpg,Mia Wasikowska nominated for best actress for Tracks arrives,True,0,1489935,visual_news/origin/bbc/images/0062/821.jpg,Jennifer Lawrence appeared with Elisabeth Rohm Christian Bale and Jeremy Renner in American Hustle,Jennifer Lawrence: Naked photograph hacking a sex crime,bbc,2014-10-07T15:31:11Z,False,,,True,4,0.29725831747055054,False,False,False,False,,RELATED_DIFFERENT_EVENT,HIGH,same actress and awarded film; fictional scene versus awards ceremony,LABELED,False,,92,False,True
A0245,47,Q0048,396059,visual_news/origin/usa_today/images/0085/401.jpg,Marathon participants Gerry Miller of Calgary along with Richard Webster of Boston arrive at the Boston Commons,False,1,1686010,visual_news/origin/bbc/images/0537/144.jpg,Kenya s Eliud Kipchoge won the men s race in two hours four minutes and 42 seconds,London Marathon: Thousands take part in biggest race,bbc,2015-04-26T16:48:09Z,True,1,0.5978310108184814,False,,,False,False,False,False,,RELATED_DIFFERENT_EVENT,HIGH,"named marathon races, London versus Boston",LABELED,False,,91,False,True
A0246,47,Q0048,396059,visual_news/origin/usa_today/images/0085/401.jpg,Marathon participants Gerry Miller of Calgary along with Richard Webster of Boston arrive at the Boston Commons,False,1,145508,visual_news/origin/washington_post/images/0413/995.jpg,Ian Ziering as Fin Shepard runs by HHS headquarters,The 7 things we learned about Washington from ‘Sharknado 3′,washington_post,2015-07-23T03:00:59Z,True,2,0.5915331840515137,False,,,False,False,False,False,,IRRELEVANT,HIGH,"fictional running scene, unrelated to Boston Marathon",LABELED,False,,99,False,True
A0247,47,Q0048,396059,visual_news/origin/usa_today/images/0085/401.jpg,Marathon participants Gerry Miller of Calgary along with Richard Webster of Boston arrive at the Boston Commons,False,1,1549279,visual_news/origin/bbc/images/0163/579.jpg,Former Scottish rugby captain Gavin Hastings will be joined as a chieftain by sports stars including Sir Chris Hoy,Glasgow 2014: Gavin Hastings is first chieftain of athletes' village,bbc,2014-07-13T17:06:33Z,True,3,0.5873901844024658,False,,,False,False,False,False,,IRRELEVANT,HIGH,"Commonwealth village role, unrelated occurrence",LABELED,False,,98,False,True
A0248,47,Q0048,396059,visual_news/origin/usa_today/images/0085/401.jpg,Marathon participants Gerry Miller of Calgary along with Richard Webster of Boston arrive at the Boston Commons,False,1,110230,visual_news/origin/washington_post/images/0373/061.jpg,Prolife activists listen to speakers talk during an abortion protest of abortion doctor LeRoy Carhart on December 6 in Germantown,Antiabortion protesters target clinic’s landlord outside child’s Md. school,washington_post,2011-09-13T00:36:11Z,True,4,0.5656595230102539,False,,,False,False,False,False,,IRRELEVANT,HIGH,"abortion protest, crowd resemblance only",LABELED,False,,99,False,True
A0249,47,Q0048,396059,visual_news/origin/usa_today/images/0085/401.jpg,Marathon participants Gerry Miller of Calgary along with Richard Webster of Boston arrive at the Boston Commons,False,1,314933,visual_news/origin/usa_today/images/0374/620.jpg,Miguel Angel Jimenez yawns while he discusses the line with his caddy Clifford Botha during the second round at the 143rd Open Championship at The Royal Liverpool Golf Club,"Rory McIlroy, Tiger Woods both tackling the mental game",usa_today,2014-07-18T19:51:53Z,True,5,0.5576831102371216,False,,,False,False,False,False,,IRRELEVANT,HIGH,"golf round, unrelated sporting occurrence",LABELED,False,,98,False,True
A0250,47,Q0048,396059,visual_news/origin/usa_today/images/0085/401.jpg,Marathon participants Gerry Miller of Calgary along with Richard Webster of Boston arrive at the Boston Commons,False,1,396059,visual_news/origin/usa_today/images/0085/401.jpg,Marathon participants Gerry Miller of Calgary along with Richard Webster of Boston arrive at the Boston Commons,"Kenya's Caroline Rotich, Ethiopia's Lelisa Desisa win Boston Marathon",usa_today,2015-04-20T13:42:54Z,False,,,True,1,0.31157276034355164,True,True,False,False,,SAME_EVENT,HIGH,exact query image; trivial Boston participants identity,LABELED,False,,100,False,True
A0251,47,Q0048,396059,visual_news/origin/usa_today/images/0085/401.jpg,Marathon participants Gerry Miller of Calgary along with Richard Webster of Boston arrive at the Boston Commons,False,1,197834,visual_news/origin/washington_post/images/0383/213.jpg,The 68yearold Bolton will return to the Boston Marathon this weekend to finish her race,"Boston Marathon 2014: Emily Cox, race’s youngest female, runs for ‘something bigger’",washington_post,2014-04-18T18:27:39Z,False,,,True,2,0.30821824073791504,False,False,False,False,,RELATED_DIFFERENT_EVENT,HIGH,"Boston runner portrait in Bethesda, April 2014 versus 2015 race",LABELED,True,"Washington Post photo archive identifies Bethesda portrait, April 14, 2014: https://www.gettyimages.co.uk/detail/news-photo/runner-gretchen-bolton-will-return-to-the-boston-marathon-news-photo/485571111",96,False,True
A0252,47,Q0048,396059,visual_news/origin/usa_today/images/0085/401.jpg,Marathon participants Gerry Miller of Calgary along with Richard Webster of Boston arrive at the Boston Commons,False,1,94645,visual_news/origin/washington_post/images/0453/157.jpg,Vernon Loeb on running and reporting the Boston Marathon,I’ve run marathons and reported on terrorism. Not usually on the same day.,washington_post,2013-04-18T22:00:00Z,False,,,True,3,0.3017081022262573,False,False,False,False,,RELATED_DIFFERENT_EVENT,HIGH,117th Boston medal versus 119th Boston participants,LABELED,True,BAA lists 2015 as 119th; candidate medal visibly says 117th. https://www.baa.org/wp-content/uploads/docs/2025-04/BM25%20Media%20Guide%20Pages_Updates-single%20pages.pdf,98,False,True
A0253,47,Q0048,396059,visual_news/origin/usa_today/images/0085/401.jpg,Marathon participants Gerry Miller of Calgary along with Richard Webster of Boston arrive at the Boston Commons,False,1,120909,visual_news/origin/washington_post/images/0560/856.jpg,Nadeau announces her run near Meridian Hill Park Wednesday,Jim Graham draws challenger in Ward 1,washington_post,2012-12-12T16:54:15Z,False,,,True,4,0.2636450529098511,False,False,False,False,,IRRELEVANT,HIGH,"political candidacy announcement, unrelated occurrence",LABELED,False,,99,False,True
A0254,47,Q0048,396059,visual_news/origin/usa_today/images/0085/401.jpg,Marathon participants Gerry Miller of Calgary along with Richard Webster of Boston arrive at the Boston Commons,False,1,1668188,visual_news/origin/bbc/images/0515/620.jpg,KGBspy and PIE member Geoffrey Prime PIE Chairman Tom OCarroll,How did the pro-paedophile group PIE exist openly for 10 years?,bbc,2014-02-27T13:14:23Z,False,,,True,5,0.25174281001091003,False,False,False,False,,IRRELEVANT,HIGH,"historical portraits, unrelated occurrence",LABELED,False,,99,False,True
A0255,144,Q0145,332090,visual_news/origin/usa_today/images/0064/967.jpg,Seattle Seahawks running back Marshawn Lynch celebrates after scoring a touchdown against the Green Bay Packers during the second quarter at CenturyLink Field,True,1,389759,visual_news/origin/usa_today/images/0718/604.jpg,Chicago Bears defensive back Major Wright intercepts a pass during the second quarter against the Minnesota Vikings at the Metrodome The Vikings won 2114,Robert Griffin III hurt as Redskins edge Ravens in OT,usa_today,2012-12-09T21:29:48Z,True,1,0.8520500659942627,False,,,False,False,False,False,,IRRELEVANT,HIGH,"Bears-Vikings, unrelated teams and fixture",LABELED,False,,98,False,True
A0256,144,Q0145,332090,visual_news/origin/usa_today/images/0064/967.jpg,Seattle Seahawks running back Marshawn Lynch celebrates after scoring a touchdown against the Green Bay Packers during the second quarter at CenturyLink Field,True,1,257254,visual_news/origin/usa_today/images/0670/610.jpg,Seattle Seahawks cornerback Richard Sherman and wide receiver Bryan Walters warm up,Stunned Seahawks still 'don't understand' final play call,usa_today,2015-02-02T06:19:33Z,True,2,0.840218186378479,False,,,False,False,False,False,,IRRELEVANT,HIGH,"Seahawks warm-up, no Ravens-Broncos event context",LABELED,False,,97,False,True
A0257,144,Q0145,332090,visual_news/origin/usa_today/images/0064/967.jpg,Seattle Seahawks running back Marshawn Lynch celebrates after scoring a touchdown against the Green Bay Packers during the second quarter at CenturyLink Field,True,1,434773,visual_news/origin/usa_today/images/0420/682.jpg,Green Bay Packers tight end Jermichael Finley stiff arms Baltimore Ravens linebacker Terrell Suggs at M T Bank Stadium,Bell: Tom Brady makes Bill Belichick look like a genius,usa_today,2013-10-13T23:52:36Z,True,3,0.8359133005142212,False,,,False,False,False,False,,RELATED_DIFFERENT_EVENT,HIGH,"same Ravens team, Packers regular season versus Broncos playoff",LABELED,False,,97,False,True
A0258,144,Q0145,332090,visual_news/origin/usa_today/images/0064/967.jpg,Seattle Seahawks running back Marshawn Lynch celebrates after scoring a touchdown against the Green Bay Packers during the second quarter at CenturyLink Field,True,1,180635,visual_news/origin/washington_post/images/0116/789.jpg,Broncos outside linebacker Nate Irving,"Super Bowl: Seahawks defense states its case as best, tops Peyton Manning’s Broncos, 43-8",washington_post,2014-02-03T03:41:00Z,True,4,0.8353679776191711,False,,,False,False,False,False,,RELATED_DIFFERENT_EVENT,HIGH,"same Broncos team, Seahawks Super Bowl versus Ravens playoff",LABELED,False,,96,False,True
A0259,144,Q0145,332090,visual_news/origin/usa_today/images/0064/967.jpg,Seattle Seahawks running back Marshawn Lynch celebrates after scoring a touchdown against the Green Bay Packers during the second quarter at CenturyLink Field,True,1,333431,visual_news/origin/usa_today/images/0166/590.jpg,Seattle Seahawks cornerback Richard Sherman knocks down a pass intended for Atlanta Falcons wide receiver Roddy White in the first quarter of the NFC divisional playoff game,The latest NFL playoff picture and schedule,usa_today,2012-12-10T15:44:33Z,True,5,0.8312597274780273,False,,,False,False,False,False,,IRRELEVANT,HIGH,"Seahawks-Falcons, unrelated teams and fixture",LABELED,False,,96,False,True
A0260,144,Q0145,332090,visual_news/origin/usa_today/images/0064/967.jpg,Seattle Seahawks running back Marshawn Lynch celebrates after scoring a touchdown against the Green Bay Packers during the second quarter at CenturyLink Field,True,1,332090,visual_news/origin/usa_today/images/0064/967.jpg,Ravens wide receiver Torrey Smith celebrates a secondquarter touchdown against the Broncos during the AFC divisional round game at Sports Authority Field,Peyton Manning's storybook season ends with stunning double-overtime loss,usa_today,2013-01-13T01:58:03Z,False,,,True,1,0.35264402627944946,True,True,False,False,,SAME_EVENT,HIGH,exact query image; trivial Ravens-Broncos identity,LABELED,False,,100,False,True
A0261,144,Q0145,332090,visual_news/origin/usa_today/images/0064/967.jpg,Seattle Seahawks running back Marshawn Lynch celebrates after scoring a touchdown against the Green Bay Packers during the second quarter at CenturyLink Field,True,1,402861,visual_news/origin/usa_today/images/0466/851.jpg,USA TODAY Sports Lorenzo Reyes breaks down New England s victory against the Ravens and looks ahead to the AFC Championship Game,"Patriots overcome Ravens, will host AFC Championship Game",usa_today,2015-01-11T01:04:46Z,False,,,True,2,0.31128644943237305,False,False,False,False,,RELATED_DIFFERENT_EVENT,HIGH,"same Ravens team, Patriots playoff versus Broncos playoff",LABELED,False,,97,False,True
A0262,144,Q0145,332090,visual_news/origin/usa_today/images/0064/967.jpg,Seattle Seahawks running back Marshawn Lynch celebrates after scoring a touchdown against the Green Bay Packers during the second quarter at CenturyLink Field,True,1,383755,visual_news/origin/usa_today/images/0064/162.jpg,Kansas City Chiefs linebacker Jovan Belcher center is shown reacting with teammates after sacking Baltimore Ravens quarterback Joe Flacco in a regular season game,Chiefs try to move on as Jovan Belcher memories linger,usa_today,2012-12-02T11:50:54Z,False,,,True,3,0.30006933212280273,False,False,False,False,,RELATED_DIFFERENT_EVENT,HIGH,"same Ravens team, Chiefs regular season versus Broncos playoff",LABELED,False,,95,False,True
A0263,144,Q0145,332090,visual_news/origin/usa_today/images/0064/967.jpg,Seattle Seahawks running back Marshawn Lynch celebrates after scoring a touchdown against the Green Bay Packers during the second quarter at CenturyLink Field,True,1,112183,visual_news/origin/washington_post/images/0596/198.jpg,Will Ray Rice play in the NFL again,"As the Ravens return to NFL action, many fans in Baltimore show support for Ray Rice",washington_post,2014-09-12T02:32:00Z,False,,,True,4,0.2963082194328308,False,False,False,False,,RELATED_DIFFERENT_EVENT,LOW,same Ravens player; portrait match remains unidentified,REVIEW,True,Publisher/video searches did not establish the portrait match: https://www.si.com/nfl/video/2014/09/09/will-ray-rice-ever-play-nfl-again,63,True,True
A0264,144,Q0145,332090,visual_news/origin/usa_today/images/0064/967.jpg,Seattle Seahawks running back Marshawn Lynch celebrates after scoring a touchdown against the Green Bay Packers during the second quarter at CenturyLink Field,True,1,235178,visual_news/origin/usa_today/images/0551/218.jpg,Ravens quarterback Joe Flacco threw for 287 yards and three touchdowns and was named Super Bowl MVP,Super Bowl off slightly in national rating from 2012,usa_today,2013-02-04T15:35:31Z,False,,,True,5,0.2945025563240051,False,False,False,False,,RELATED_DIFFERENT_EVENT,HIGH,"same Ravens team, Super Bowl trophy versus divisional playoff",LABELED,False,,98,False,True
A0265,150,Q0151,1124990,visual_news/origin/guardian/images/0746/786.jpg,Ousmani a 17yearold Anjouanese boy has to dodge police in Mayotte,True,2,146386,visual_news/origin/washington_post/images/0485/804.jpg,A UN peacekeeper stands guard as women walk into a civilian shelter at the UN compound in Malakal South Sudan on July 13 2016,U.N. approves big increase in peacekeeping force in South Sudan,washington_post,2016-08-12T20:59:29Z,True,1,0.7760960459709167,False,,,False,False,False,False,,IRRELEVANT,HIGH,"UN peacekeeping, different mission and country",LABELED,False,,92,False,True
A0266,150,Q0151,1124990,visual_news/origin/guardian/images/0746/786.jpg,Ousmani a 17yearold Anjouanese boy has to dodge police in Mayotte,True,2,1450568,visual_news/origin/bbc/images/0035/114.jpg,The African Union is concerned by the violence that has hit Burundi s capital since April,Letter from Africa: Has the African Union grown some teeth?,bbc,2015-12-28T14:02:22Z,True,2,0.7700326442718506,True,2,0.31820082664489746,False,False,False,False,,IRRELEVANT,HIGH,"Burundi security, unrelated occurrence",LABELED,False,,98,False,True
A0267,150,Q0151,1124990,visual_news/origin/guardian/images/0746/786.jpg,Ousmani a 17yearold Anjouanese boy has to dodge police in Mayotte,True,2,885156,visual_news/origin/guardian/images/0492/609.jpg,Militiamen loyal to President Abed Rabbo Mansour Hadi in Aden Yemen,UN envoy warns Yemen is 'on the edge of civil war' in conflict no side can win,guardian,2015-03-23T00:29:39Z,True,3,0.7607138156890869,False,,,False,False,False,False,,IRRELEVANT,HIGH,"Yemen militia, armored-vehicle resemblance only",LABELED,False,,98,False,True
A0268,150,Q0151,1124990,visual_news/origin/guardian/images/0746/786.jpg,Ousmani a 17yearold Anjouanese boy has to dodge police in Mayotte,True,2,1453888,visual_news/origin/bbc/images/0120/164.jpg,Houthi rebels carry out security checks in Sanaa after the Saudiled raids,Iran accuses Saudis of hitting Yemen embassy,bbc,2016-01-07T16:05:27Z,True,4,0.7491160035133362,False,,,False,False,False,False,,IRRELEVANT,HIGH,"Sanaa checkpoint, unrelated country and occurrence",LABELED,False,,98,False,True
A0269,150,Q0151,1124990,visual_news/origin/guardian/images/0746/786.jpg,Ousmani a 17yearold Anjouanese boy has to dodge police in Mayotte,True,2,143681,visual_news/origin/washington_post/images/0165/975.jpg,A Salvadoran mother and her 3yearold child await transport to a processing center for illegal immigrants,"In U.S. custody, migrant kids are flown thousands of miles at taxpayer expense",washington_post,2014-07-26T23:41:10Z,True,5,0.7242703437805176,False,,,False,False,False,False,,IRRELEVANT,HIGH,"US migrant processing, vehicle resemblance only",LABELED,False,,99,False,True
A0270,150,Q0151,1124990,visual_news/origin/guardian/images/0746/786.jpg,Ousmani a 17yearold Anjouanese boy has to dodge police in Mayotte,True,2,1124990,visual_news/origin/guardian/images/0746/786.jpg,A UN armored vehicle patrolling the streets of Dili ahead of East Timor s presidential election in 2012,"Righting historical wrongs is a must, and journalists should play their part",guardian,2014-04-23T01:26:57Z,False,,,True,1,0.37307271361351013,True,True,False,False,,SAME_EVENT,HIGH,exact query image; 2012 Dili patrol reused in 2014 article,LABELED,False,,100,False,True
A0271,150,Q0151,1124990,visual_news/origin/guardian/images/0746/786.jpg,Ousmani a 17yearold Anjouanese boy has to dodge police in Mayotte,True,2,1467562,visual_news/origin/bbc/images/0107/172.jpg,Soco used Congolese government soldiers to secure staff and infrastructure in the volatile region,'Soco paid Congo major' accused of Virunga oil intimidation,bbc,2015-06-10T13:58:38Z,False,,,True,3,0.30724450945854187,False,False,False,False,,IRRELEVANT,HIGH,"Congo soldier, unrelated country and occurrence",LABELED,False,,98,False,True
A0272,150,Q0151,1124990,visual_news/origin/guardian/images/0746/786.jpg,Ousmani a 17yearold Anjouanese boy has to dodge police in Mayotte,True,2,1679007,visual_news/origin/bbc/images/0468/405.jpg,Ousmani a 17yearold Anjouanese boy has to dodge police in Mayotte,France's migrant 'cemetery' in Africa,bbc,2015-10-18T23:24:43Z,False,,,True,4,0.3001486361026764,False,False,False,False,,IRRELEVANT,HIGH,"Mayotte migrant portrait, unrelated occurrence",LABELED,False,,99,False,True
A0273,150,Q0151,1124990,visual_news/origin/guardian/images/0746/786.jpg,Ousmani a 17yearold Anjouanese boy has to dodge police in Mayotte,True,2,1568350,visual_news/origin/bbc/images/0336/707.jpg,Sierra Leone recently overtook Liberia as the worst affected country in the Ebola outbreak,Ebola crisis: Sierra Leone declares three-day lockdown in north,bbc,2014-12-25T09:02:26Z,False,,,True,5,0.28073132038116455,False,False,False,False,,IRRELEVANT,HIGH,"Sierra Leone Ebola response, unrelated occurrence",LABELED,False,,99,False,True
A0274,196,Q0197,376072,visual_news/origin/usa_today/images/0652/867.jpg,Mo Farah celebrates his gold medal in the 10000m with Britain s Andy Vernon taking silver,True,3,188896,visual_news/origin/washington_post/images/0159/749.jpg,Jamaica s Usain Bolt celebrates winning the gold medal,"U.S. women’s water polo wins gold with dominant, emotional win over Italy",washington_post,2016-08-20T00:04:10Z,True,1,0.8936671614646912,True,5,0.2936144471168518,False,False,False,False,,RELATED_DIFFERENT_EVENT,HIGH,"Rio track medals, Bolt sprint versus Farah 10000m",LABELED,False,,93,False,True
A0275,196,Q0197,376072,visual_news/origin/usa_today/images/0652/867.jpg,Mo Farah celebrates his gold medal in the 10000m with Britain s Andy Vernon taking silver,True,3,1223402,visual_news/origin/guardian/images/0045/110.jpg,Mo Farah celebrates his gold medal in the 10000m with Britain s Andy Vernon taking silver,"Mo Farah takes 10,000m gold at European Championships",guardian,2014-08-13T23:04:00Z,True,2,0.817171037197113,True,2,0.34189337491989136,False,False,False,False,,RELATED_DIFFERENT_EVENT,HIGH,"same athlete and distance, Zurich 2014 versus Rio 2016",LABELED,False,,98,False,True
A0276,196,Q0197,376072,visual_news/origin/usa_today/images/0652/867.jpg,Mo Farah celebrates his gold medal in the 10000m with Britain s Andy Vernon taking silver,True,3,497498,visual_news/origin/guardian/images/0219/918.jpg,Robbie Grabarz who competes in the Diamond League in Doha on Friday says he found fame hard to deal with after the Olympics,Robbie Grabarz determined to enjoy himself at Diamond League opener,guardian,2013-05-09T21:00:05Z,True,3,0.7579433917999268,False,,,False,False,False,False,,IRRELEVANT,HIGH,different athlete and discipline; athletics topic only,LABELED,False,,98,False,True
A0277,196,Q0197,376072,visual_news/origin/usa_today/images/0652/867.jpg,Mo Farah celebrates his gold medal in the 10000m with Britain s Andy Vernon taking silver,True,3,1685992,visual_news/origin/bbc/images/0537/138.jpg,Joshua George won the men s wheelchair race while David Weir came second,London Marathon: Thousands take part in biggest race,bbc,2015-04-26T16:48:09Z,True,4,0.7539719939231873,False,,,False,False,False,False,,IRRELEVANT,HIGH,"wheelchair London Marathon, unrelated race and athlete",LABELED,False,,98,False,True
A0278,196,Q0197,376072,visual_news/origin/usa_today/images/0652/867.jpg,Mo Farah celebrates his gold medal in the 10000m with Britain s Andy Vernon taking silver,True,3,271285,visual_news/origin/usa_today/images/0586/147.jpg,Brazil s Fabiana Moraes reacts after failing to advance in the women s 100meter hurdles,"Mongolian wrestling coaches go nuts, strip down after unfavorable decision",usa_today,2016-08-21T17:26:37Z,True,5,0.7491159439086914,False,,,False,False,False,False,,RELATED_DIFFERENT_EVENT,HIGH,"Rio track competition, hurdles versus 10000m",LABELED,False,,92,False,True
A0279,196,Q0197,376072,visual_news/origin/usa_today/images/0652/867.jpg,Mo Farah celebrates his gold medal in the 10000m with Britain s Andy Vernon taking silver,True,3,376072,visual_news/origin/usa_today/images/0652/867.jpg,Mohamed Farah wins the men s 10000m in the Rio 2016 Summer Olympic Games at Estadio Olimpico Joao Havelange,"USA 1,000th gold medal comes from swimming with win in women's medley relay",usa_today,2016-08-14T02:01:56Z,False,,,True,1,0.35299792885780334,True,True,False,False,,SAME_EVENT,HIGH,exact query image; trivial Rio 10000m identity,LABELED,False,,100,False,True
A0280,196,Q0197,376072,visual_news/origin/usa_today/images/0652/867.jpg,Mo Farah celebrates his gold medal in the 10000m with Britain s Andy Vernon taking silver,True,3,955243,visual_news/origin/guardian/images/0160/294.jpg,Mo Farah will look to add a Great North Run victory to his successful summer on the track,The Agenda: Mo Farah targets victory in landmark Great North Run,guardian,2014-09-06T14:40:58Z,False,,,True,3,0.31058838963508606,False,False,False,False,,RELATED_DIFFERENT_EVENT,HIGH,"same athlete, Great North Run versus Rio 10000m",LABELED,False,,97,False,True
A0281,196,Q0197,376072,visual_news/origin/usa_today/images/0652/867.jpg,Mo Farah celebrates his gold medal in the 10000m with Britain s Andy Vernon taking silver,True,3,1686010,visual_news/origin/bbc/images/0537/144.jpg,Kenya s Eliud Kipchoge won the men s race in two hours four minutes and 42 seconds,London Marathon: Thousands take part in biggest race,bbc,2015-04-26T16:48:09Z,False,,,True,4,0.2993832528591156,False,False,False,False,,IRRELEVANT,HIGH,"London Marathon field, unrelated athletes and race",LABELED,False,,98,False,True
A0282,184,Q0185,1523834,visual_news/origin/bbc/images/0256/938.jpg,Northern Ireland First Minister Peter Robinson whose public appearances have been limited since he had a heart attack was speaking at a BritishIrish Council meeting,True,3,1667845,visual_news/origin/bbc/images/0465/258.jpg,Paul Willis managing director of Volkswagen Group UK apologised sincerely and unreservedly for his firm s conduct,Volkswagen questioned by Parliament,bbc,2015-10-12T19:02:07Z,True,1,0.7846757769584656,False,,,False,False,False,False,,IRRELEVANT,HIGH,"Volkswagen executive, unrelated to Robinson meeting",LABELED,False,,99,False,True
A0283,184,Q0185,1523834,visual_news/origin/bbc/images/0256/938.jpg,Northern Ireland First Minister Peter Robinson whose public appearances have been limited since he had a heart attack was speaking at a BritishIrish Council meeting,True,3,1619006,visual_news/origin/bbc/images/0350/774.jpg,Northern Ireland First Minister Peter Robinson whose public appearances have been limited since he had a heart attack was speaking at a BritishIrish Council meeting,British-Irish Council: Peter Robinson warns over Stormont's future,bbc,2015-06-19T13:23:24Z,True,2,0.7426813840866089,True,1,0.31182220578193665,False,False,False,False,,RELATED_DIFFERENT_EVENT,HIGH,"same politician, British-Irish Council versus Villiers meeting",LABELED,False,,98,False,True
A0284,184,Q0185,1523834,visual_news/origin/bbc/images/0256/938.jpg,Northern Ireland First Minister Peter Robinson whose public appearances have been limited since he had a heart attack was speaking at a BritishIrish Council meeting,True,3,499689,visual_news/origin/guardian/images/0207/975.jpg,Fergus Shanahan leaving the Sun after 26 years,Former Sun executive editor Fergus Shanahan leaves News UK,guardian,2015-09-17T10:49:14Z,True,3,0.7425785064697266,False,,,False,False,False,False,,IRRELEVANT,HIGH,"newspaper executive, unrelated person and occurrence",LABELED,False,,99,False,True
A0285,184,Q0185,1523834,visual_news/origin/bbc/images/0256/938.jpg,Northern Ireland First Minister Peter Robinson whose public appearances have been limited since he had a heart attack was speaking at a BritishIrish Council meeting,True,3,1481146,visual_news/origin/bbc/images/0110/991.jpg,For many Labour supporters Tony Blair s reputation remains tainted,Is Scottish Labour leader Jim Murphy about to bring back Blairism?,bbc,2014-12-18T00:47:28Z,True,4,0.7397152781486511,True,4,0.2817637026309967,False,False,False,False,,IRRELEVANT,HIGH,"Tony Blair, unrelated person and occurrence",LABELED,False,,99,False,True
A0286,184,Q0185,1523834,visual_news/origin/bbc/images/0256/938.jpg,Northern Ireland First Minister Peter Robinson whose public appearances have been limited since he had a heart attack was speaking at a BritishIrish Council meeting,True,3,1193079,visual_news/origin/guardian/images/0003/870.jpg,Kevin Rudd with his deputy Anthony Albanese,Kevin Rudd sworn in as prime minister,guardian,2013-06-27T02:52:00Z,True,5,0.7372079491615295,False,,,False,False,False,False,,IRRELEVANT,HIGH,"Australian leaders, unrelated occurrence",LABELED,False,,99,False,True
A0287,184,Q0185,1523834,visual_news/origin/bbc/images/0256/938.jpg,Northern Ireland First Minister Peter Robinson whose public appearances have been limited since he had a heart attack was speaking at a BritishIrish Council meeting,True,3,395848,visual_news/origin/usa_today/images/0475/909.jpg,Iceland s former Prime Minister Sigmundur David Gunnlaugsson,Rieder: How Panama Papers came together,usa_today,2016-04-06T20:40:05Z,False,,,True,2,0.3102552890777588,False,False,False,False,,IRRELEVANT,HIGH,"Icelandic leader, unrelated occurrence",LABELED,False,,99,False,True
A0288,184,Q0185,1523834,visual_news/origin/bbc/images/0256/938.jpg,Northern Ireland First Minister Peter Robinson whose public appearances have been limited since he had a heart attack was speaking at a BritishIrish Council meeting,True,3,1669765,visual_news/origin/bbc/images/0532/507.jpg,Blair wanted to draw a line under events surrounding the lead up to the Iraq war,Let's draw a line under it,bbc,2012-09-24T14:04:36Z,False,,,True,3,0.2864730954170227,False,False,False,False,,IRRELEVANT,HIGH,"Blair with troops, unrelated occurrence",LABELED,False,,99,False,True
A0289,184,Q0185,1523834,visual_news/origin/bbc/images/0256/938.jpg,Northern Ireland First Minister Peter Robinson whose public appearances have been limited since he had a heart attack was speaking at a BritishIrish Council meeting,True,3,454322,visual_news/origin/guardian/images/0806/416.jpg,BP is latest company to leave Alec What do the recent high profile exits from the organization mean for business,BP and Google leave Alec: are companies finally taking climate change seriously?,guardian,2015-03-25T12:00:03Z,False,,,True,5,0.2814440429210663,False,False,False,False,,IRRELEVANT,HIGH,"oil platform, unrelated context",LABELED,False,,99,False,True
A0290,184,Q0185,1523834,visual_news/origin/bbc/images/0256/938.jpg,Northern Ireland First Minister Peter Robinson whose public appearances have been limited since he had a heart attack was speaking at a BritishIrish Council meeting,True,3,1523834,visual_news/origin/bbc/images/0256/938.jpg,Peter Robinson at Hillsborough Castle after his hourlong meeting with Theresa Villiers,On The Runs: Peter Robinson gives government deadline,bbc,2014-02-26T23:29:13Z,False,,,False,,,True,True,False,False,,SAME_EVENT,HIGH,exact query image; trivial Hillsborough meeting identity,LABELED,False,,100,False,True
A0291,17,Q0018,177510,visual_news/origin/washington_post/images/0549/567.jpg,Graham converses with Council Chairman Vincent Gray during a confirmation hearing for a deputy mayor of education in 2007,False,0,123410,visual_news/origin/washington_post/images/0343/049.jpg,Del S Chris Jones RSuffolk right chairman of the House Appropriations committee confers with Del Robert H Brink DArlington in the Virginia House of Delegates,Virginia budget plans include new office building for lawmakers,washington_post,2014-02-14T04:00:16Z,True,1,0.774435818195343,True,4,0.2974715232849121,False,False,False,False,,IRRELEVANT,HIGH,"Virginia lawmakers, different people and hearing",LABELED,False,,98,False,True
A0292,17,Q0018,177510,visual_news/origin/washington_post/images/0549/567.jpg,Graham converses with Council Chairman Vincent Gray during a confirmation hearing for a deputy mayor of education in 2007,False,0,48000,visual_news/origin/washington_post/images/0572/328.jpg,Dennis Martire middle right member of the Metropolitan Washington Airports Authority Martire was effectively forced off panel and will leave next month to make way for GOP appointee,Martire returns temporarily to MWAA board,washington_post,2012-09-19T13:11:00Z,True,2,0.7548580169677734,False,,,False,False,False,False,,IRRELEVANT,HIGH,"airport authority hearing, different people and institution",LABELED,False,,98,False,True
A0293,17,Q0018,177510,visual_news/origin/washington_post/images/0549/567.jpg,Graham converses with Council Chairman Vincent Gray during a confirmation hearing for a deputy mayor of education in 2007,False,0,413510,visual_news/origin/usa_today/images/0516/274.jpg,Former Arizona congresswoman Gabrielle Giffords and her husband Mark Kelly prepare to testify Sens Chuck Grassley RIowa left and Patrick Leahy DVt greeted them,Senate gun hearing opens with Giffords' call for action,usa_today,2013-01-30T17:17:12Z,True,3,0.7305071353912354,False,,,False,False,False,False,,IRRELEVANT,HIGH,"Senate gun hearing, different people and purpose",LABELED,False,,98,False,True
A0294,17,Q0018,177510,visual_news/origin/washington_post/images/0549/567.jpg,Graham converses with Council Chairman Vincent Gray during a confirmation hearing for a deputy mayor of education in 2007,False,0,1492962,visual_news/origin/bbc/images/0131/010.jpg,Mr Obama mentioned the work of new House Speaker Paul Ryan in his speech,SOTU: Obama stresses US strength and urges hope to anxious nation,bbc,2016-01-13T10:48:07Z,True,4,0.7296078205108643,False,,,False,False,False,False,,IRRELEVANT,HIGH,"State of the Union, unrelated occurrence",LABELED,False,,99,False,True
A0295,17,Q0018,177510,visual_news/origin/washington_post/images/0549/567.jpg,Graham converses with Council Chairman Vincent Gray during a confirmation hearing for a deputy mayor of education in 2007,False,0,162428,visual_news/origin/washington_post/images/0377/818.jpg,Defense attorney Mark OMara looks over at the state s attorneys during the trial,"In Sanford, Fla., residents await another ‘Trial of the Century’",washington_post,2013-06-11T00:00:23Z,True,5,0.7261358499526978,False,,,False,False,False,False,,IRRELEVANT,HIGH,"Florida trial, different people and proceeding",LABELED,False,,99,False,True
A0296,17,Q0018,177510,visual_news/origin/washington_post/images/0549/567.jpg,Graham converses with Council Chairman Vincent Gray during a confirmation hearing for a deputy mayor of education in 2007,False,0,177510,visual_news/origin/washington_post/images/0549/567.jpg,Graham converses with Council Chairman Vincent Gray during a confirmation hearing for a deputy mayor of education in 2007,"Jim Graham served four terms in the D.C. Council. Now, he promotes all-nude stripper nights.",washington_post,2015-04-22T23:05:01Z,False,,,True,1,0.3491205871105194,True,True,False,False,,SAME_EVENT,HIGH,exact query image; 2007 hearing reused in 2015 article,LABELED,False,,100,False,True
A0297,17,Q0018,177510,visual_news/origin/washington_post/images/0549/567.jpg,Graham converses with Council Chairman Vincent Gray during a confirmation hearing for a deputy mayor of education in 2007,False,0,222699,visual_news/origin/usa_today/images/0603/544.jpg,Thomas and Justice David Souter confer before the start of a House Appropriations subcommittee hearing on March 15 2000 on Capitol Hill,Justice Clarence Thomas: Nation's capital is 'broken',usa_today,2016-10-27T01:11:56Z,False,,,True,2,0.30939745903015137,False,False,False,False,,IRRELEVANT,HIGH,"Supreme Court budget hearing, different people and proceeding",LABELED,False,,98,False,True
A0298,17,Q0018,177510,visual_news/origin/washington_post/images/0549/567.jpg,Graham converses with Council Chairman Vincent Gray during a confirmation hearing for a deputy mayor of education in 2007,False,0,392757,visual_news/origin/usa_today/images/0651/767.jpg,Jeffrey Zients testifies before the Senate Budget Committee on April 11,White House taps new chief for health care website,usa_today,2013-12-17T17:16:15Z,False,,,True,3,0.29764240980148315,False,False,False,False,,IRRELEVANT,HIGH,"Senate budget testimony, unrelated proceeding",LABELED,False,,98,False,True
A0299,17,Q0018,177510,visual_news/origin/washington_post/images/0549/567.jpg,Graham converses with Council Chairman Vincent Gray during a confirmation hearing for a deputy mayor of education in 2007,False,0,168954,visual_news/origin/washington_post/images/0558/303.jpg,Former Virginia Gov Timothy M Kaine left and former Sen George Allen participate in a July debate,Post poll: Tim Kaine opens first lead over George Allen in Va. Senate race,washington_post,2012-09-19T15:14:00Z,False,,,True,5,0.2841048240661621,False,False,False,False,,IRRELEVANT,HIGH,"Virginia Senate debate, unrelated occurrence",LABELED,False,,98,False,True
A0300,121,Q0122,585423,visual_news/origin/guardian/images/0279/702.jpg,China s Wang Guanzhong said criticisms levied by the US and Japan were unimaginable,True,0,1199937,visual_news/origin/guardian/images/0014/131.jpg,Kim Hansik has been jailed for seven years over the Sewol ferry disaster,South Korea ferry boss given seven years' jail for Sewol disaster,guardian,2015-10-29T04:50:08Z,True,1,0.7314491271972656,False,,,False,False,False,False,,IRRELEVANT,HIGH,"Korean ferry boss, unrelated person and occurrence",LABELED,False,,99,False,True
A0301,121,Q0122,585423,visual_news/origin/guardian/images/0279/702.jpg,China s Wang Guanzhong said criticisms levied by the US and Japan were unimaginable,True,0,1469080,visual_news/origin/bbc/images/0090/796.jpg,Mr Kim has said he is a naturalised US citizen who used to live in Virginia,US man Kim Dong Chul 'admits stealing North Korea secrets',bbc,2016-03-25T12:26:01Z,True,2,0.7151075601577759,False,,,False,False,False,False,,IRRELEVANT,HIGH,"North Korean detainee, unrelated person and occurrence",LABELED,False,,99,False,True
A0302,121,Q0122,585423,visual_news/origin/guardian/images/0279/702.jpg,China s Wang Guanzhong said criticisms levied by the US and Japan were unimaginable,True,0,301292,visual_news/origin/usa_today/images/0363/241.jpg,New Communist Party General Secretary Xi Jinping speaks at the press conference at the Great Hall of the People in Beijing China on Thursday,Xi Jinping takes helm of China,usa_today,2012-11-15T04:40:16Z,True,3,0.7106735110282898,False,,,False,False,False,False,,IRRELEVANT,HIGH,"Xi leadership announcement, unrelated to Mo Yan press conference",LABELED,False,,98,False,True
A0303,121,Q0122,585423,visual_news/origin/guardian/images/0279/702.jpg,China s Wang Guanzhong said criticisms levied by the US and Japan were unimaginable,True,0,1536321,visual_news/origin/bbc/images/0193/392.jpg,Kim Jongun said North Korea was ready to detonate nuclear bombs to defend its sovereignty,North Korea's H-bomb claim dismissed by US,bbc,2015-12-10T20:02:47Z,True,4,0.6995418071746826,False,,,False,False,False,False,,IRRELEVANT,HIGH,"Kim Jong-un speech, unrelated occurrence",LABELED,False,,99,False,True
A0304,121,Q0122,585423,visual_news/origin/guardian/images/0279/702.jpg,China s Wang Guanzhong said criticisms levied by the US and Japan were unimaginable,True,0,197415,visual_news/origin/washington_post/images/0066/979.jpg,Eric Chu right chairman of Taiwan s ruling Nationalist Party or Kuomintang,"Ahead of Taiwan elections, presidential candidate defends outreach to China",washington_post,2015-11-17T19:01:17Z,True,5,0.6939522624015808,False,,,False,False,False,False,,IRRELEVANT,HIGH,"Taiwan politician, unrelated occurrence",LABELED,False,,98,False,True
A0305,121,Q0122,585423,visual_news/origin/guardian/images/0279/702.jpg,China s Wang Guanzhong said criticisms levied by the US and Japan were unimaginable,True,0,585423,visual_news/origin/guardian/images/0279/702.jpg,Mo Yan talks to the media during a news conference in his hometown Gaomi Shandong province,Mo Yan's Nobel prize for literature sparks celebration in China,guardian,2012-10-11T18:33:56Z,False,,,True,1,0.3375837504863739,True,True,False,False,,SAME_EVENT,HIGH,exact query image; trivial Gaomi Nobel press conference identity,LABELED,False,,100,False,True
A0306,121,Q0122,585423,visual_news/origin/guardian/images/0279/702.jpg,China s Wang Guanzhong said criticisms levied by the US and Japan were unimaginable,True,0,1677067,visual_news/origin/bbc/images/0518/116.jpg,Jiang Yefei pictured and Dong Guangping had criticised China s government,China says repatriated dissidents 'guilty of crimes',bbc,2015-11-23T12:52:34Z,False,,,True,2,0.3279547095298767,False,False,False,False,,IRRELEVANT,HIGH,"dissident custody photo, unrelated occurrence",LABELED,False,,99,False,True
A0307,121,Q0122,585423,visual_news/origin/guardian/images/0279/702.jpg,China s Wang Guanzhong said criticisms levied by the US and Japan were unimaginable,True,0,1574167,visual_news/origin/bbc/images/0288/183.jpg,China s Wang Guanzhong said criticisms levied by the US and Japan were unimaginable,China denounces Japan and US over 'provocative' speeches,bbc,2014-06-01T04:12:34Z,False,,,True,3,0.3047405481338501,False,False,False,False,,IRRELEVANT,HIGH,"Wang at security dialogue, unrelated to Mo Yan conference",LABELED,False,,98,False,True
A0308,121,Q0122,585423,visual_news/origin/guardian/images/0279/702.jpg,China s Wang Guanzhong said criticisms levied by the US and Japan were unimaginable,True,0,1629436,visual_news/origin/bbc/images/0504/711.jpg,Wenzhou has been at the forefront of China s experiments with private industry,The shadowy threat from China’s lenders,bbc,2014-03-06T12:00:45Z,False,,,True,4,0.2872466742992401,False,False,False,False,,IRRELEVANT,HIGH,"Wenzhou cityscape, country-level topic only",LABELED,False,,98,False,True
A0309,121,Q0122,585423,visual_news/origin/guardian/images/0279/702.jpg,China s Wang Guanzhong said criticisms levied by the US and Japan were unimaginable,True,0,1567016,visual_news/origin/bbc/images/0353/129.jpg,Ban Kimoon has defended his lowkey style during the talks with President Hu Jintao in Beijing,UN chief attacked over 'silence' on China rights,bbc,2010-11-02T01:26:42Z,False,,,True,5,0.28656089305877686,False,False,False,False,,IRRELEVANT,HIGH,"Ban-Hu meeting, unrelated occurrence",LABELED,False,,98,False,True
A0310,153,Q0154,177684,visual_news/origin/washington_post/images/0349/692.jpg,About 5000 protesters are estimated to have taken part in demonstrations in Pittsburgh during the G20 summit,True,2,121151,visual_news/origin/washington_post/images/0474/423.jpg,Medical personnel prepare to put Boston Marathon bombing suspect Dzhokhar Tsarnaev into an ambulance,Many Boston Marathon bomb victims cope with leg injuries,washington_post,2013-04-17T00:26:52Z,True,1,0.8489670753479004,False,,,False,False,False,False,,IRRELEVANT,HIGH,"Boston bombing aftermath, unrelated to Baltimore patrol",LABELED,False,,99,False,True
A0311,153,Q0154,177684,visual_news/origin/washington_post/images/0349/692.jpg,About 5000 protesters are estimated to have taken part in demonstrations in Pittsburgh during the G20 summit,True,2,240966,visual_news/origin/usa_today/images/0713/801.jpg,Members of the media surround a lone protester as officers push back protesters near East Ninth Street and Lakeside during the 2016 Republican National Convention,#RNCinCLE: Catch up on everything that happened,usa_today,2016-07-18T21:31:59Z,True,2,0.8220006227493286,False,,,False,False,False,False,,IRRELEVANT,HIGH,"Cleveland convention protest, different cause and city",LABELED,False,,97,False,True
A0312,153,Q0154,177684,visual_news/origin/washington_post/images/0349/692.jpg,About 5000 protesters are estimated to have taken part in demonstrations in Pittsburgh during the G20 summit,True,2,340630,visual_news/origin/usa_today/images/0717/003.jpg,A police officer is about to throw a tear gas canister as police try to disperse demonstrators who are protesting the shooting death of Michael Brown in Ferguson Mo Sunday,Officer resigns over threats at Ferguson protest,usa_today,2014-08-29T20:51:52Z,True,3,0.8042911291122437,False,,,False,False,False,False,,RELATED_DIFFERENT_EVENT,HIGH,"police-violence protests, Ferguson versus Baltimore",LABELED,False,,94,False,True
A0313,153,Q0154,177684,visual_news/origin/washington_post/images/0349/692.jpg,About 5000 protesters are estimated to have taken part in demonstrations in Pittsburgh during the G20 summit,True,2,128015,visual_news/origin/washington_post/images/0422/596.jpg,Minneapolis Deputy Chief of Police Medaria Arradondo right speaks with people outside of the Fourth Precinct police station,Officer reassigned after calling Black Lives Matter protesters ‘fools’ in tweet,washington_post,2015-11-25T16:09:28Z,True,4,0.7997759580612183,False,,,False,False,False,False,,RELATED_DIFFERENT_EVENT,HIGH,"Black Lives Matter protest, Minneapolis versus Baltimore",LABELED,False,,93,False,True
A0314,153,Q0154,177684,visual_news/origin/washington_post/images/0349/692.jpg,About 5000 protesters are estimated to have taken part in demonstrations in Pittsburgh during the G20 summit,True,2,1176322,visual_news/origin/guardian/images/0778/557.jpg,Law enforcement officers wearing riot gear police the national Republican convention in Tampa Florida,Tropical storm Isaac reaches Florida,guardian,2012-08-28T11:10:00Z,True,5,0.7773494720458984,False,,,False,False,False,False,,IRRELEVANT,HIGH,"Tampa convention policing, different cause and city",LABELED,False,,97,False,True
A0315,153,Q0154,177684,visual_news/origin/washington_post/images/0349/692.jpg,About 5000 protesters are estimated to have taken part in demonstrations in Pittsburgh during the G20 summit,True,2,175928,visual_news/origin/washington_post/images/0242/680.jpg,Protests in Baltimore ahead of Freddie Gray hearing,Officers charged in Freddie Gray case will face separate trials,washington_post,2015-09-02T11:17:00Z,False,,,True,1,0.3146522045135498,False,False,False,False,,RELATED_DIFFERENT_EVENT,HIGH,"same Freddie Gray case, September courthouse protest versus April unrest",LABELED,True,Courthouse gathering: 2 September 2015; query caption specifies April patrol. https://www.washingtonpost.com/video/local/protests-in-baltimore-ahead-of-freddie-gray-hearing/2015/09/02/192fab60-5182-11e5-b225-90edbd49f362_video.html,97,False,True
A0316,153,Q0154,177684,visual_news/origin/washington_post/images/0349/692.jpg,About 5000 protesters are estimated to have taken part in demonstrations in Pittsburgh during the G20 summit,True,2,1516532,visual_news/origin/bbc/images/0154/453.jpg,Protests continue in Ferguson with widespread demands for the arrest of the officer who shot Brown,Michael Brown shooting: Second Missouri police killing,bbc,2014-08-20T00:50:45Z,False,,,True,2,0.30051034688949585,False,False,False,False,,RELATED_DIFFERENT_EVENT,HIGH,"police-violence protests, Michael Brown versus Freddie Gray",LABELED,False,,94,False,True
A0317,153,Q0154,177684,visual_news/origin/washington_post/images/0349/692.jpg,About 5000 protesters are estimated to have taken part in demonstrations in Pittsburgh during the G20 summit,True,2,545539,visual_news/origin/guardian/images/0269/511.jpg,About 5000 protesters are estimated to have taken part in demonstrations in Pittsburgh during the G20 summit,New York man accused of using Twitter to direct protesters during G20 summit,guardian,2009-10-04T15:00:16Z,False,,,True,3,0.2914753556251526,False,False,False,False,,IRRELEVANT,HIGH,"Pittsburgh G20 protest, different cause and city",LABELED,False,,98,False,True
A0318,153,Q0154,177684,visual_news/origin/washington_post/images/0349/692.jpg,About 5000 protesters are estimated to have taken part in demonstrations in Pittsburgh during the G20 summit,True,2,87191,visual_news/origin/washington_post/images/0596/711.jpg,Freddie Gray Jr once lived in the 1400 block of North Carey Street where he allegedly was poisoned by lead paint as a child,Freddie Gray and William Porter: Two sons of Baltimore whose lives collided,washington_post,2015-09-03T17:38:26Z,False,,,True,4,0.28523868322372437,False,False,False,False,,IRRELEVANT,HIGH,childhood-home illustration supplies no patrol-occurrence context,REVIEW,False,,90,True,True
A0319,153,Q0154,177684,visual_news/origin/washington_post/images/0349/692.jpg,About 5000 protesters are estimated to have taken part in demonstrations in Pittsburgh during the G20 summit,True,2,177684,visual_news/origin/washington_post/images/0349/692.jpg,Police officers head back to buses in April after patrolling the intersection of North and Pennsylvania avenues the scene of rioting,"‘The Summer of Freddie Gray’ has left Baltimore reeling, with 45 killed in July",washington_post,2015-08-03T22:41:46Z,False,,,True,5,0.28412744402885437,True,True,False,False,,SAME_EVENT,HIGH,exact query image; April unrest patrol reused in August article,LABELED,False,,100,False,True
A0320,61,Q0062,1518914,visual_news/origin/bbc/images/0138/373.jpg,Striking French ferry workers blocked access to the Channel Tunnel with burning tyres on Tuesday,False,2,40988,visual_news/origin/washington_post/images/0323/403.jpg,Members of the Free Syrian Army stand guard at an area they set fire to marking the front line between their clash with progovernment forces in the city of Aleppo,Tensions among Alawites pose new challenge for Assad,washington_post,2012-10-18T02:06:00Z,True,1,0.78850257396698,False,,,False,False,False,False,,IRRELEVANT,HIGH,"Syrian frontline fire, unrelated to ferry strike",LABELED,False,,98,False,True
A0321,61,Q0062,1518914,visual_news/origin/bbc/images/0138/373.jpg,Striking French ferry workers blocked access to the Channel Tunnel with burning tyres on Tuesday,False,2,868187,visual_news/origin/guardian/images/0482/101.jpg,Karachi Pakistan Supporters of opposition party Pakistan TehreekeInsaf burn tyres during a protest Opposition politician Imran Khan has called for a countrywide protest on 18 December,Photo highlights of the day,guardian,2014-12-12T13:17:32Z,True,2,0.7883095741271973,True,2,0.29833000898361206,False,False,False,False,,IRRELEVANT,HIGH,"Pakistan political protest, burning tyres only",LABELED,False,,98,False,True
A0322,61,Q0062,1518914,visual_news/origin/bbc/images/0138/373.jpg,Striking French ferry workers blocked access to the Channel Tunnel with burning tyres on Tuesday,False,2,1499549,visual_news/origin/bbc/images/0116/049.jpg,Burkina Faso s parliament was set on fire during protests against Blaise Compaore s rule,Burkina Faso blocks Compaore allies from elections,bbc,2015-04-08T12:48:33Z,True,3,0.7866671681404114,True,3,0.2783302068710327,False,False,False,False,,IRRELEVANT,HIGH,"Burkina Faso political uprising, unrelated cause and country",LABELED,False,,98,False,True
A0323,61,Q0062,1518914,visual_news/origin/bbc/images/0138/373.jpg,Striking French ferry workers blocked access to the Channel Tunnel with burning tyres on Tuesday,False,2,364762,visual_news/origin/usa_today/images/0714/728.jpg,Safety crews work to put out a fire from a jetfueled track dryer that was hit by Juan Pablo Montoya s car under caution during the 2012 Daytona 500,Daytona 500: All the action from the track as it happened,usa_today,2014-02-23T18:30:16Z,True,4,0.7801952362060547,False,,,False,False,False,False,,IRRELEVANT,HIGH,"Daytona track fire, unrelated occurrence",LABELED,False,,99,False,True
A0324,61,Q0062,1518914,visual_news/origin/bbc/images/0138/373.jpg,Striking French ferry workers blocked access to the Channel Tunnel with burning tyres on Tuesday,False,2,722413,visual_news/origin/guardian/images/0545/352.jpg,Demonstrators protest against the Syrian president Bashar alAssad in Damascus,Syrian army pursues deserters as western powers sharpen rhetoric,guardian,2011-12-21T19:02:16Z,True,5,0.7595961689949036,False,,,False,False,False,False,,IRRELEVANT,HIGH,"Syrian protest, burning tyres only",LABELED,False,,98,False,True
A0325,61,Q0062,1518914,visual_news/origin/bbc/images/0138/373.jpg,Striking French ferry workers blocked access to the Channel Tunnel with burning tyres on Tuesday,False,2,1518914,visual_news/origin/bbc/images/0138/373.jpg,Striking French ferry workers blocked access to the Channel Tunnel with burning tyres on Tuesday,"Calais migrant scenes unacceptable, David Cameron says",bbc,2015-06-24T16:34:50Z,False,,,True,1,0.3529878854751587,True,True,False,False,,SAME_EVENT,HIGH,exact query image; trivial Channel Tunnel blockade identity,LABELED,False,,100,False,True
A0326,61,Q0062,1518914,visual_news/origin/bbc/images/0138/373.jpg,Striking French ferry workers blocked access to the Channel Tunnel with burning tyres on Tuesday,False,2,1516532,visual_news/origin/bbc/images/0154/453.jpg,Protests continue in Ferguson with widespread demands for the arrest of the officer who shot Brown,Michael Brown shooting: Second Missouri police killing,bbc,2014-08-20T00:50:45Z,False,,,True,4,0.2717796862125397,False,False,False,False,,IRRELEVANT,HIGH,"Ferguson protest, unrelated cause and country",LABELED,False,,98,False,True
A0327,61,Q0062,1518914,visual_news/origin/bbc/images/0138/373.jpg,Striking French ferry workers blocked access to the Channel Tunnel with burning tyres on Tuesday,False,2,1556475,visual_news/origin/bbc/images/0249/461.jpg,Traffic accidents occur especially frequently on the route between Thailand and Myanmar,Thailand bus crash kills 30 people,bbc,2014-03-25T07:24:17Z,False,,,True,5,0.26925402879714966,False,False,False,False,,IRRELEVANT,HIGH,"Thailand bus crash, unrelated occurrence",LABELED,False,,99,False,True
A0328,141,Q0142,87617,visual_news/origin/washington_post/images/0557/179.jpg,Game 1 Reds outfielders Jay Bruce Chris Heisey and Drew Stubbs celebrate after the game,True,1,276168,visual_news/origin/usa_today/images/0677/564.jpg,Game 1 Reds outfielders Jay Bruce Chris Heisey and Drew Stubbs celebrate after the game,"Giants revive, force Game 5 vs. Reds",usa_today,2012-10-11T03:18:23Z,True,1,0.7624750137329102,True,3,0.27862733602523804,False,False,False,False,,IRRELEVANT,HIGH,"Reds celebration, different team and postseason occurrence",LABELED,False,,98,False,True
A0329,141,Q0142,87617,visual_news/origin/washington_post/images/0557/179.jpg,Game 1 Reds outfielders Jay Bruce Chris Heisey and Drew Stubbs celebrate after the game,True,1,246295,visual_news/origin/usa_today/images/0042/725.jpg,June 22 The Arizona Diamondbacks celebrate a walkoff win against The Cincinnati Reds at Chase Field,"Anibal Sanchez blanks Twins, falls two outs shy of no-hitter",usa_today,2013-05-25T01:56:27Z,True,2,0.7620919942855835,True,1,0.34177500009536743,False,False,False,False,,IRRELEVANT,HIGH,"Diamondbacks-Reds, unrelated teams and fixture",LABELED,False,,98,False,True
A0330,141,Q0142,87617,visual_news/origin/washington_post/images/0557/179.jpg,Game 1 Reds outfielders Jay Bruce Chris Heisey and Drew Stubbs celebrate after the game,True,1,208720,visual_news/origin/usa_today/images/0707/161.jpg,Game 2 in Cleveland Francisco Lindor high fives Lonnie Chisenhall after defeating the Blue Jays 21,Indians' bullpen-powered win over Blue Jays a product of preparation,usa_today,2016-10-18T06:31:46Z,True,3,0.7579060792922974,False,,,False,False,False,False,,IRRELEVANT,HIGH,"Cleveland-Toronto, unrelated teams and fixture",LABELED,False,,98,False,True
A0331,141,Q0142,87617,visual_news/origin/washington_post/images/0557/179.jpg,Game 1 Reds outfielders Jay Bruce Chris Heisey and Drew Stubbs celebrate after the game,True,1,215641,visual_news/origin/usa_today/images/0670/695.jpg,Game 6 Cardinals 9 Dodgers 0 Trevor Rosenthal and Yadier Molina celebrate after recording th final out to clinch the National League pennant,Home runs lift Cardinals to 3-1 NLCS lead,usa_today,2013-10-16T03:25:39Z,True,4,0.7521634101867676,False,,,False,False,False,False,,IRRELEVANT,HIGH,"Cardinals-Dodgers, unrelated teams and fixture",LABELED,False,,98,False,True
A0332,141,Q0142,87617,visual_news/origin/washington_post/images/0557/179.jpg,Game 1 Reds outfielders Jay Bruce Chris Heisey and Drew Stubbs celebrate after the game,True,1,270258,visual_news/origin/usa_today/images/0497/267.jpg,Cardinals starting pitcher Lance Lynn is relieved by manager Mike Matheny in the sixth inning against the Red Sox at Busch Stadium,Red Sox hero: 'This is my turn to shine',usa_today,2013-10-28T03:52:10Z,True,5,0.7500625848770142,False,,,False,False,False,False,,IRRELEVANT,HIGH,"Cardinals-Red Sox, unrelated teams and fixture",LABELED,False,,98,False,True
A0333,141,Q0142,87617,visual_news/origin/washington_post/images/0557/179.jpg,Game 1 Reds outfielders Jay Bruce Chris Heisey and Drew Stubbs celebrate after the game,True,1,87617,visual_news/origin/washington_post/images/0557/179.jpg,Washington Nationals Wilson Ramos center celebrates with teammates after clinching the National League East with a 61 win over the Pittsburgh Pirates on Saturday,Planning to take Metro to the Nats playoff games? Better keep an eye on the clock.,washington_post,2016-09-27T18:46:12Z,False,,,True,2,0.2976703345775604,True,True,False,False,,SAME_EVENT,HIGH,exact query image; trivial Nationals division-clinch identity,LABELED,False,,100,False,True
A0334,141,Q0142,87617,visual_news/origin/washington_post/images/0557/179.jpg,Game 1 Reds outfielders Jay Bruce Chris Heisey and Drew Stubbs celebrate after the game,True,1,329497,visual_news/origin/usa_today/images/0311/130.jpg,Josh Hamilton signs a 5year 125 million contract with the Angels before the 2013 season,Done deal: Josh Hamilton traded by Angels to Texas Rangers,usa_today,2015-04-27T19:34:13Z,False,,,True,4,0.27861231565475464,False,False,False,False,,IRRELEVANT,HIGH,"Angels signing, unrelated team and occurrence",LABELED,False,,98,False,True
A0335,141,Q0142,87617,visual_news/origin/washington_post/images/0557/179.jpg,Game 1 Reds outfielders Jay Bruce Chris Heisey and Drew Stubbs celebrate after the game,True,1,367894,visual_news/origin/usa_today/images/0662/714.jpg,The Dayton Flyers celebrate after beating Ohio State in the second round of the 2014 NCAA tournament,"Harvard earns another upset, topping Cincinnati 61-57",usa_today,2014-03-20T20:46:34Z,False,,,True,5,0.2745826840400696,False,False,False,False,,IRRELEVANT,HIGH,"basketball celebration, unrelated sport and occurrence",LABELED,False,,99,False,True
A0336,160,Q0161,962260,visual_news/origin/guardian/images/0162/077.jpg,IP workshops have already taken place in many Maasai communities,True,2,1556594,visual_news/origin/bbc/images/0232/600.jpg,People mourn after a Christian man mistaken for a Muslim was killed by antibalaka militiamen,Central African Republic clashes 'kill 43' in Bangui,bbc,2014-01-31T14:53:25Z,True,1,0.8369308710098267,True,4,0.28326278924942017,False,False,False,False,,IRRELEVANT,HIGH,"Central African Republic mourning, unrelated conflict",LABELED,False,,99,False,True
A0337,160,Q0161,962260,visual_news/origin/guardian/images/0162/077.jpg,IP workshops have already taken place in many Maasai communities,True,2,504088,visual_news/origin/guardian/images/0215/316.jpg,A young earthquake survivor holds a piece of bread in a makeshift shelter in PortauPrince Haiti,"Desperate searches, and a birth amid Haiti's devastation",guardian,2010-01-14T20:22:47Z,True,2,0.8129185438156128,False,,,False,False,False,False,,IRRELEVANT,HIGH,"Haiti earthquake survivor, unrelated incident",LABELED,False,,99,False,True
A0338,160,Q0161,962260,visual_news/origin/guardian/images/0162/077.jpg,IP workshops have already taken place in many Maasai communities,True,2,1125538,visual_news/origin/guardian/images/0740/706.jpg,Thousands of Syrian refugees flowed into the Kurdistan region of northern Iraq on Thursday,Syrian refugees pour into Iraq as Baghdad asks US for military help,guardian,2013-08-17T19:55:08Z,True,3,0.8076908588409424,False,,,False,False,False,False,,IRRELEVANT,HIGH,"Syrian refugees in Iraq, unrelated conflict",LABELED,False,,98,False,True
A0339,160,Q0161,962260,visual_news/origin/guardian/images/0162/077.jpg,IP workshops have already taken place in many Maasai communities,True,2,773827,visual_news/origin/guardian/images/0577/128.jpg,Burundian children at the Gashora refugee camp in the Bugesera district of Rwanda,Development must target the millions of children affected by humanitarian crises,guardian,2015-09-11T11:06:37Z,True,4,0.8074303269386292,True,3,0.28851187229156494,False,False,False,False,,IRRELEVANT,HIGH,"Burundian refugee camp, unrelated conflict",LABELED,False,,98,False,True
A0340,160,Q0161,962260,visual_news/origin/guardian/images/0162/077.jpg,IP workshops have already taken place in many Maasai communities,True,2,254384,visual_news/origin/usa_today/images/0515/924.jpg,Refugees wait behind a fence before they cross the border from Syria into Turkey near Suruc Turkey,Turkey faces flood of refugees from Syria,usa_today,2014-09-22T21:38:32Z,True,5,0.79502272605896,False,,,False,False,False,False,,IRRELEVANT,HIGH,"Syria-Turkey crossing, unrelated conflict",LABELED,False,,98,False,True
A0341,160,Q0161,962260,visual_news/origin/guardian/images/0162/077.jpg,IP workshops have already taken place in many Maasai communities,True,2,962260,visual_news/origin/guardian/images/0162/077.jpg,A handout from the Nigerian army showing some of the 338 people freed from Boko Haram camps,Nigeria rescues hundreds of women and children from Boko Haram,guardian,2015-10-28T15:04:29Z,False,,,True,1,0.33285412192344666,True,True,False,False,,SAME_EVENT,HIGH,exact query image; trivial Boko Haram rescue identity,LABELED,False,,100,False,True
A0342,160,Q0161,962260,visual_news/origin/guardian/images/0162/077.jpg,IP workshops have already taken place in many Maasai communities,True,2,652473,visual_news/origin/guardian/images/0352/805.jpg,A video by Boko Haram a terrorist network in Nigeria,"'There is no silver bullet': Isis, al-Qaida and the myths of terrorism",guardian,2015-08-19T17:46:59Z,False,,,True,2,0.28908535838127136,False,False,False,False,,RELATED_DIFFERENT_EVENT,MEDIUM,same armed group; video statement occasion unresolved,REVIEW,True,"Original article identifies the group, not the recording occasion: https://www.theguardian.com/world/2015/aug/19/isis-al-qaida-myths-terrorism-war-mistakes-9-11",76,True,True
A0343,160,Q0161,962260,visual_news/origin/guardian/images/0162/077.jpg,IP workshops have already taken place in many Maasai communities,True,2,1594981,visual_news/origin/bbc/images/0377/522.jpg,Unicef Executive Director Anthony Lake says each child bride is an individual tragedy,100 Women 2015: Zambian former child bride speaks out,bbc,2015-11-26T13:25:00Z,False,,,True,5,0.28079676628112793,False,False,False,False,,IRRELEVANT,HIGH,"child-marriage infographic, no rescue occurrence context",LABELED,False,,99,False,True
A0344,10,Q0011,151594,visual_news/origin/washington_post/images/0401/627.jpg,Armin Van Buuren performs at FUR Nightclub which was sold to Skanska,False,0,126920,visual_news/origin/washington_post/images/0237/776.jpg,A concert at Linternational in Paris,"Cafes and museums of Paris, staggered by attacks, begin revival",washington_post,2015-11-26T20:38:00Z,True,1,0.7563216686248779,True,2,0.27255767583847046,False,False,False,False,,IRRELEVANT,HIGH,different performers and venue; concert topic only,LABELED,False,,97,False,True
A0345,10,Q0011,151594,visual_news/origin/washington_post/images/0401/627.jpg,Armin Van Buuren performs at FUR Nightclub which was sold to Skanska,False,0,200611,visual_news/origin/washington_post/images/0553/017.jpg,Macaulay Culkin of the Pizza Underground hands out pizza to fans during the group s performance at the Black Cat on March 21 2014,"Sex, movies and the desperate attempt to shock audiences. (Hint: it’s not working.)",washington_post,2014-04-04T12:12:40Z,True,2,0.7053253650665283,False,,,False,False,False,False,,IRRELEVANT,HIGH,"Pizza Underground at Black Cat, different act and venue",LABELED,False,,98,False,True
A0346,10,Q0011,151594,visual_news/origin/washington_post/images/0401/627.jpg,Armin Van Buuren performs at FUR Nightclub which was sold to Skanska,False,0,295018,visual_news/origin/usa_today/images/0475/986.jpg,Fans have fun in the infield before the 141st running of the Kentucky Derby,American Pharoah wins 141st Kentucky Derby,usa_today,2015-05-02T22:47:09Z,True,3,0.680500864982605,False,,,False,False,False,False,,IRRELEVANT,HIGH,"Kentucky Derby crowd, unrelated occurrence",LABELED,False,,99,False,True
A0347,10,Q0011,151594,visual_news/origin/washington_post/images/0401/627.jpg,Armin Van Buuren performs at FUR Nightclub which was sold to Skanska,False,0,1034369,visual_news/origin/guardian/images/0636/506.jpg,Magic in the air 500000 people gather for the May Day concert in Rome,Readers recommend songs about concerts: the results,guardian,2010-05-27T22:30:02Z,True,4,0.6587716341018677,False,,,False,False,False,False,,IRRELEVANT,HIGH,"Rome May Day concert, different performers and venue",LABELED,False,,97,False,True
A0348,10,Q0011,151594,visual_news/origin/washington_post/images/0401/627.jpg,Armin Van Buuren performs at FUR Nightclub which was sold to Skanska,False,0,145077,visual_news/origin/washington_post/images/0507/664.jpg,A Turkana man at a fishing camp on the western shore of Lake Turkana,Portrait of two fishing cultures along the Kenya-Ethiopia border,washington_post,2014-09-29T18:45:13Z,True,5,0.6527942419052124,False,,,False,False,False,False,,IRRELEVANT,HIGH,"Lake Turkana fisher, unrelated occurrence",LABELED,False,,99,False,True
A0349,10,Q0011,151594,visual_news/origin/washington_post/images/0401/627.jpg,Armin Van Buuren performs at FUR Nightclub which was sold to Skanska,False,0,151594,visual_news/origin/washington_post/images/0401/627.jpg,Armin Van Buuren performs at FUR Nightclub which was sold to Skanska,FUR Nightclub sold to developer Skanska,washington_post,2012-01-10T17:21:11Z,False,,,True,1,0.3118290901184082,True,True,False,False,,SAME_EVENT,HIGH,exact query image; trivial FUR performance identity,LABELED,False,,100,False,True
A0350,10,Q0011,151594,visual_news/origin/washington_post/images/0401/627.jpg,Armin Van Buuren performs at FUR Nightclub which was sold to Skanska,False,0,1620144,visual_news/origin/bbc/images/0334/353.jpg,The new bar will be located in the Roppongi area of Tokyo,Scottish beer maker BrewDog to open first bar in Asia,bbc,2013-12-05T12:39:50Z,False,,,True,3,0.25709062814712524,False,False,False,False,,IRRELEVANT,HIGH,"Tokyo bar location, unrelated venue and occurrence",LABELED,False,,98,False,True
A0351,10,Q0011,151594,visual_news/origin/washington_post/images/0401/627.jpg,Armin Van Buuren performs at FUR Nightclub which was sold to Skanska,False,0,52122,visual_news/origin/washington_post/images/0355/946.jpg,When it comes to dancing Supreme Court Justice Sonia Sotomayor said I can not keep a beat to save my life But I can follow,"‘Never dance with a Cuban,’ Sotomayor says",washington_post,2014-10-26T13:52:26Z,False,,,True,4,0.2529388964176178,False,False,False,False,,IRRELEVANT,HIGH,"Sotomayor portrait, dancing topic only",LABELED,False,,99,False,True
A0352,10,Q0011,151594,visual_news/origin/washington_post/images/0401/627.jpg,Armin Van Buuren performs at FUR Nightclub which was sold to Skanska,False,0,797308,visual_news/origin/guardian/images/0401/748.jpg,djay 2 is the sequel to one of iOS most popular DJing apps,20 best iPhone and iPad apps this week,guardian,2013-07-26T13:06:55Z,False,,,True,5,0.24947589635849,False,False,False,False,,IRRELEVANT,HIGH,"DJ app screenshot, no concert occurrence context",LABELED,False,,98,False,True
A0353,98,Q0099,1641364,visual_news/origin/bbc/images/0441/260.jpg,Princess Mary Prince Edward later King Edward VIII and Prince Albert as children,False,3,1669206,visual_news/origin/bbc/images/0432/129.jpg,Harding with Florence and father George,Ex-President Warren Harding's love child confirmed,bbc,2015-08-13T19:34:59Z,True,1,0.6836837530136108,False,,,False,False,False,False,,IRRELEVANT,HIGH,"Harding family portrait, different family and occurrence",LABELED,False,,99,False,True
A0354,98,Q0099,1641364,visual_news/origin/bbc/images/0441/260.jpg,Princess Mary Prince Edward later King Edward VIII and Prince Albert as children,False,3,1568840,visual_news/origin/bbc/images/0320/068.jpg,Nettie Moore with her husband Walter and son Walter Jr,Remembering the Lusitania: One passenger's remarkable story of survival,bbc,2015-05-05T23:09:34Z,True,2,0.6691871881484985,True,4,0.27455639839172363,False,False,False,False,,IRRELEVANT,HIGH,"Moore family portrait, different people and occurrence",LABELED,False,,99,False,True
A0355,98,Q0099,1641364,visual_news/origin/bbc/images/0441/260.jpg,Princess Mary Prince Edward later King Edward VIII and Prince Albert as children,False,3,1630704,visual_news/origin/bbc/images/0505/058.jpg,Clemetson pictured at Clifton College,The officer who refused to lie about being black,bbc,2015-04-27T16:24:36Z,True,3,0.6662249565124512,False,,,False,False,False,False,,IRRELEVANT,HIGH,"school group, archival photo resemblance only",LABELED,False,,99,False,True
A0356,98,Q0099,1641364,visual_news/origin/bbc/images/0441/260.jpg,Princess Mary Prince Edward later King Edward VIII and Prince Albert as children,False,3,1485569,visual_news/origin/bbc/images/0128/913.jpg,Welsh soldiers were among those who defended Rorke s Drift,Rorke's Drift: Epic trip inspired by battle,bbc,2015-11-21T14:37:40Z,True,4,0.6553242802619934,False,,,False,False,False,False,,IRRELEVANT,HIGH,"Welsh soldiers, archival photo resemblance only",LABELED,False,,99,False,True
A0357,98,Q0099,1641364,visual_news/origin/bbc/images/0441/260.jpg,Princess Mary Prince Edward later King Edward VIII and Prince Albert as children,False,3,1646096,visual_news/origin/bbc/images/0459/233.jpg,The tsar and his family at Tsarskoye Selo palace near St Petersburg in 1916,Russia exhumes bones of murdered Tsar Nicholas and wife,bbc,2015-09-24T08:27:37Z,True,5,0.651224672794342,False,,,False,False,False,False,,IRRELEVANT,HIGH,"Romanov family, different people and sitting; royalty topic only",LABELED,False,,98,False,True
A0358,98,Q0099,1641364,visual_news/origin/bbc/images/0441/260.jpg,Princess Mary Prince Edward later King Edward VIII and Prince Albert as children,False,3,1641364,visual_news/origin/bbc/images/0441/260.jpg,Princess Mary Prince Edward later King Edward VIII and Prince Albert as children,Prince George: The traditional clothes royal children are dressed in,bbc,2015-06-10T07:25:37Z,False,,,True,1,0.3726407289505005,True,True,False,False,,SAME_EVENT,HIGH,exact query image; trivial archival portrait identity,LABELED,False,,100,False,True
A0359,98,Q0099,1641364,visual_news/origin/bbc/images/0441/260.jpg,Princess Mary Prince Edward later King Edward VIII and Prince Albert as children,False,3,1599775,visual_news/origin/bbc/images/0328/750.jpg,Willie Boy and Tojo ONeill were last seen with their parents on 3 August,Appeal for missing children Willie Boy and Tojo O'Neill,bbc,2014-08-18T15:13:49Z,False,,,True,2,0.3107464909553528,False,False,False,False,,IRRELEVANT,HIGH,"missing children, different people and occurrence",LABELED,False,,99,False,True
A0360,98,Q0099,1641364,visual_news/origin/bbc/images/0441/260.jpg,Princess Mary Prince Edward later King Edward VIII and Prince Albert as children,False,3,1564925,visual_news/origin/bbc/images/0234/936.jpg,Alistair Wilson and his sister Jillian in a new image released by the Wilson family,Family of Nairn banker Alistair Wilson make new appeal,bbc,2014-11-24T14:56:36Z,False,,,True,3,0.27466925978660583,False,False,False,False,,IRRELEVANT,HIGH,"Wilson siblings, different people and occurrence",LABELED,False,,99,False,True
A0361,98,Q0099,1641364,visual_news/origin/bbc/images/0441/260.jpg,Princess Mary Prince Edward later King Edward VIII and Prince Albert as children,False,3,81810,visual_news/origin/washington_post/images/0324/848.jpg,The British army sought guerrillas who had been sniping at UK troops,Will Sissi run for president? Many in Egypt wonder.,washington_post,2013-08-07T13:05:00Z,False,,,True,5,0.27094489336013794,False,False,False,False,,IRRELEVANT,HIGH,"military detainees, unrelated occurrence",LABELED,False,,99,False,True
A0362,59,Q0060,292598,visual_news/origin/usa_today/images/0575/458.jpg,Citizens crowd into a US Senate field hearing as experts testify Aug 13 2013 about the state of the oyster industry in Apalachicola Bay Fla,False,2,48000,visual_news/origin/washington_post/images/0572/328.jpg,Dennis Martire middle right member of the Metropolitan Washington Airports Authority Martire was effectively forced off panel and will leave next month to make way for GOP appointee,Martire returns temporarily to MWAA board,washington_post,2012-09-19T13:11:00Z,True,1,0.7865383625030518,False,,,False,False,False,False,,IRRELEVANT,HIGH,"airport authority hearing, different people and purpose",LABELED,False,,98,False,True
A0363,59,Q0060,292598,visual_news/origin/usa_today/images/0575/458.jpg,Citizens crowd into a US Senate field hearing as experts testify Aug 13 2013 about the state of the oyster industry in Apalachicola Bay Fla,False,2,57750,visual_news/origin/washington_post/images/0552/598.jpg,Allen speaks to a group of smallbusiness owners and local government workers at the Rockingham County Administration Building during a campaign stop in Harrisonburg Va,George Allen’s chances in politics again? Consensus unclear.,washington_post,2012-11-08T02:20:43Z,True,2,0.7511923909187317,False,,,False,False,False,False,,IRRELEVANT,HIGH,"Virginia campaign stop, unrelated occurrence",LABELED,False,,99,False,True
A0364,59,Q0060,292598,visual_news/origin/usa_today/images/0575/458.jpg,Citizens crowd into a US Senate field hearing as experts testify Aug 13 2013 about the state of the oyster industry in Apalachicola Bay Fla,False,2,188084,visual_news/origin/washington_post/images/0594/183.jpg,Voters line up at the polling station at Spring Hill Elementary School in McLean,"In Richmond, governor-elect McAuliffe announces bipartisan transition team",washington_post,2013-11-06T12:27:00Z,True,3,0.7279787063598633,False,,,False,False,False,False,,IRRELEVANT,HIGH,"Virginia polling station, unrelated occurrence",LABELED,False,,99,False,True
A0365,59,Q0060,292598,visual_news/origin/usa_today/images/0575/458.jpg,Citizens crowd into a US Senate field hearing as experts testify Aug 13 2013 about the state of the oyster industry in Apalachicola Bay Fla,False,2,203970,visual_news/origin/washington_post/images/0573/441.jpg,View Photo Gallery The trial of Brittany Norwood,Brittany Norwood sentencing set for Friday,washington_post,2012-01-26T20:22:00Z,True,4,0.7153407335281372,False,,,False,False,False,False,,IRRELEVANT,HIGH,"Norwood trial reaction, unrelated proceeding",LABELED,False,,99,False,True
A0366,59,Q0060,292598,visual_news/origin/usa_today/images/0575/458.jpg,Citizens crowd into a US Senate field hearing as experts testify Aug 13 2013 about the state of the oyster industry in Apalachicola Bay Fla,False,2,71498,visual_news/origin/washington_post/images/0575/557.jpg,A special invited Buddhist monk delegate reads the Communist Party s Central Committee report during the closing session,China’s Xi Jinping to party officials: Simplify,washington_post,2012-12-05T17:32:00Z,True,5,0.7013683319091797,False,,,False,False,False,False,,IRRELEVANT,HIGH,"Chinese party session, unrelated proceeding",LABELED,False,,99,False,True
A0367,59,Q0060,292598,visual_news/origin/usa_today/images/0575/458.jpg,Citizens crowd into a US Senate field hearing as experts testify Aug 13 2013 about the state of the oyster industry in Apalachicola Bay Fla,False,2,292598,visual_news/origin/usa_today/images/0575/458.jpg,Citizens crowd into a US Senate field hearing as experts testify Aug 13 2013 about the state of the oyster industry in Apalachicola Bay Fla,Florida governor says he'll sue Georgia for water,usa_today,2013-08-14T16:52:06Z,False,,,True,1,0.31293296813964844,True,True,False,False,,SAME_EVENT,HIGH,exact query image; trivial August 2013 oyster hearing identity,LABELED,False,,100,False,True
A0368,59,Q0060,292598,visual_news/origin/usa_today/images/0575/458.jpg,Citizens crowd into a US Senate field hearing as experts testify Aug 13 2013 about the state of the oyster industry in Apalachicola Bay Fla,False,2,174899,visual_news/origin/washington_post/images/0075/263.jpg,Witnesses at a hearing on Medicaid legislation in Florida last month,A well-used but misleading Medicaid statistic,washington_post,2011-07-02T18:25:00Z,False,,,True,2,0.3128865361213684,False,False,False,False,,IRRELEVANT,HIGH,"Florida Medicaid hearing, different proceeding and issue",LABELED,False,,97,False,True
A0369,59,Q0060,292598,visual_news/origin/usa_today/images/0575/458.jpg,Citizens crowd into a US Senate field hearing as experts testify Aug 13 2013 about the state of the oyster industry in Apalachicola Bay Fla,False,2,401277,visual_news/origin/usa_today/images/0644/770.jpg,Jodi Arias looks down in Maricopa County Superior Court in Phoenix on Oct 27 2014,5 things you need to know Thursday,usa_today,2014-10-30T08:03:42Z,False,,,True,3,0.27999287843704224,False,False,False,False,,IRRELEVANT,HIGH,"Arias trial, unrelated proceeding",LABELED,False,,99,False,True
A0370,59,Q0060,292598,visual_news/origin/usa_today/images/0575/458.jpg,Citizens crowd into a US Senate field hearing as experts testify Aug 13 2013 about the state of the oyster industry in Apalachicola Bay Fla,False,2,310702,visual_news/origin/usa_today/images/0718/918.jpg,OJ Simpson listens to testimony at a hearing in Clark County District Court in Las Vegas on May 13 2013,Police testing knife purportedly found at O.J. Simpson estate,usa_today,2016-03-04T17:05:10Z,False,,,True,4,0.2756562829017639,False,False,False,False,,IRRELEVANT,HIGH,"Simpson court hearing, unrelated proceeding",LABELED,False,,99,False,True
A0371,59,Q0060,292598,visual_news/origin/usa_today/images/0575/458.jpg,Citizens crowd into a US Senate field hearing as experts testify Aug 13 2013 about the state of the oyster industry in Apalachicola Bay Fla,False,2,392757,visual_news/origin/usa_today/images/0651/767.jpg,Jeffrey Zients testifies before the Senate Budget Committee on April 11,White House taps new chief for health care website,usa_today,2013-12-17T17:16:15Z,False,,,True,5,0.2698153555393219,False,False,False,False,,IRRELEVANT,HIGH,"Senate budget testimony, different proceeding and issue",LABELED,False,,98,False,True
